,Unnamed: 0.4,Unnamed: 0.3,Unnamed: 0.2,Unnamed: 0.1,Unnamed: 0,img_number,ID,color_id,frame,track,batch,pass,environment,bee_range,filepath,background,reID,color_num
0,0,0,0,0,0,0,11,blue-green,26598,131,1,2.0,outside,1-32,/home/gsantiago/summer_bee_data/summer_bee_data/images/young-adults-blue-white-outside_2-1-32_batch_1.mp4.mp4.track000131.frame026598.jpg,blue,11,1
1,1,1,1,1,1,1,11,blue-green,26469,131,1,2.0,outside,1-32,/home/gsantiago/summer_bee_data/summer_bee_data/images/young-adults-blue-white-outside_2-1-32_batch_1.mp4.mp4.track000131.frame026469.jpg,blue,11,1
2,2,2,2,2,2,2,11,blue-green,25719,209,1,,in-lab,1-32,/home/gsantiago/summer_bee_data/summer_bee_data/images/young-adults-blue-white-in-lab-1-32_batch_1.mp4.mp4.track000209.frame025719.jpg,blue,11,1
3,3,3,3,3,3,3,11,blue-green,26548,131,1,2.0,outside,1-32,/home/gsantiago/summer_bee_data/summer_bee_data/images/young-adults-blue-white-outside_2-1-32_batch_1.mp4.mp4.track000131.frame026548.jpg,blue,11,1
4,4,4,4,4,4,4,11,blue-green,26509,131,1,2.0,outside,1-32,/home/gsantiago/summer_bee_data/summer_bee_data/images/young-adults-blue-white-outside_2-1-32_batch_1.mp4.mp4.track000131.frame026509.jpg,blue,11,1
5,5,5,5,5,5,5,11,blue-green,26510,131,1,2.0,outside,1-32,/home/gsantiago/summer_bee_data/summer_bee_data/images/young-adults-blue-white-outside_2-1-32_batch_1.mp4.mp4.track000131.frame026510.jpg,blue,11,1
6,6,6,6,6,6,6,11,blue-green,26560,131,1,2.0,outside,1-32,/home/gsantiago/summer_bee_data/summer_bee_data/images/young-adults-blue-white-outside_2-1-32_batch_1.mp4.mp4.track000131.frame026560.jpg,blue,11,1
7,7,7,7,7,7,7,11,blue-green,26519,131,1,2.0,outside,1-32,/home/gsantiago/summer_bee_data/summer_bee_data/images/young-adults-blue-white-outside_2-1-32_batch_1.mp4.mp4.track000131.frame026519.jpg,blue,11,1
8,8,8,8,8,8,8,11,blue-green,26487,131,1,2.0,outside,1-32,/home/gsantiago/summer_bee_data/summer_bee_data/images/young-adults-blue-white-outside_2-1-32_batch_1.mp4.mp4.track000131.frame026487.jpg,blue,11,1
9,9,9,9,9,9,9,11,blue-green,26506,131,1,2.0,outside,1-32,/home/gsantiago/summer_bee_data/summer_bee_data/images/young-adults-blue-white-outside_2-1-32_batch_1.mp4.mp4.track000131.frame026506.jpg,blue,11,1
10,10,10,10,10,10,10,11,blue-green,24565,200,1,,in-lab,1-32,/home/gsantiago/summer_bee_data/summer_bee_data/images/young-adults-blue-white-in-lab-1-32_batch_1.mp4.mp4.track000200.frame024565.jpg,white,11,1
11,11,11,11,11,11,11,11,blue-green,26071,130,1,2.0,outside,1-32,/home/gsantiago/summer_bee_data/summer_bee_data/images/young-adults-blue-white-outside_2-1-32_batch_1.mp4.mp4.track000130.frame026071.jpg,white,11,1
12,12,12,12,12,12,12,11,blue-green,26215,130,1,2.0,outside,1-32,/home/gsantiago/summer_bee_data/summer_bee_data/images/young-adults-blue-white-outside_2-1-32_batch_1.mp4.mp4.track000130.frame026215.jpg,white,11,1
13,13,13,13,13,13,13,11,blue-green,26172,130,1,2.0,outside,1-32,/home/gsantiago/summer_bee_data/summer_bee_data/images/young-adults-blue-white-outside_2-1-32_batch_1.mp4.mp4.track000130.frame026172.jpg,white,11,1
14,14,14,14,14,14,14,11,blue-green,26140,130,1,2.0,outside,1-32,/home/gsantiago/summer_bee_data/summer_bee_data/images/young-adults-blue-white-outside_2-1-32_batch_1.mp4.mp4.track000130.frame026140.jpg,white,11,1
15,15,15,15,15,15,15,11,blue-green,26081,130,1,2.0,outside,1-32,/home/gsantiago/summer_bee_data/summer_bee_data/images/young-adults-blue-white-outside_2-1-32_batch_1.mp4.mp4.track000130.frame026081.jpg,white,11,1
16,16,16,16,16,16,16,11,blue-green,24744,200,1,,in-lab,1-32,/home/gsantiago/summer_bee_data/summer_bee_data/images/young-adults-blue-white-in-lab-1-32_batch_1.mp4.mp4.track000200.frame024744.jpg,white,11,1
17,17,17,17,17,17,17,11,blue-green,24672,200,1,,in-lab,1-32,/home/gsantiago/summer_bee_data/summer_bee_data/images/young-adults-blue-white-in-lab-1-32_batch_1.mp4.mp4.track000200.frame024672.jpg,white,11,1
18,18,18,18,18,18,18,11,blue-green,24491,200,1,,in-lab,1-32,/home/gsantiago/summer_bee_data/summer_bee_data/images/young-adults-blue-white-in-lab-1-32_batch_1.mp4.mp4.track000200.frame024491.jpg,white,11,1
19,19,19,19,19,19,19,11,blue-green,24937,200,1,,in-lab,1-32,/home/gsantiago/summer_bee_data/summer_bee_data/images/young-adults-blue-white-in-lab-1-32_batch_1.mp4.mp4.track000200.frame024937.jpg,white,11,1
20,20,20,20,20,20,20,23,green-lillac,53229,382,1,,in-lab,1-32,/home/gsantiago/summer_bee_data/summer_bee_data/images/young-adults-blue-white-in-lab-1-32_batch_1.mp4.mp4.track000382.frame053229.jpg,blue,23,10
21,21,21,21,21,21,21,23,green-lillac,52911,382,1,,in-lab,1-32,/home/gsantiago/summer_bee_data/summer_bee_data/images/young-adults-blue-white-in-lab-1-32_batch_1.mp4.mp4.track000382.frame052911.jpg,blue,23,10
22,22,22,22,22,22,22,23,green-lillac,52520,297,1,2.0,outside,1-32,/home/gsantiago/summer_bee_data/summer_bee_data/images/young-adults-blue-white-outside_2-1-32_batch_1.mp4.mp4.track000297.frame052520.jpg,blue,23,10
23,23,23,23,23,23,23,23,green-lillac,53045,382,1,,in-lab,1-32,/home/gsantiago/summer_bee_data/summer_bee_data/images/young-adults-blue-white-in-lab-1-32_batch_1.mp4.mp4.track000382.frame053045.jpg,blue,23,10
24,24,24,24,24,24,24,23,green-lillac,53181,382,1,,in-lab,1-32,/home/gsantiago/summer_bee_data/summer_bee_data/images/young-adults-blue-white-in-lab-1-32_batch_1.mp4.mp4.track000382.frame053181.jpg,blue,23,10
25,25,25,25,25,25,25,23,green-lillac,52087,297,1,2.0,outside,1-32,/home/gsantiago/summer_bee_data/summer_bee_data/images/young-adults-blue-white-outside_2-1-32_batch_1.mp4.mp4.track000297.frame052087.jpg,blue,23,10
26,26,26,26,26,26,26,23,green-lillac,53454,382,1,,in-lab,1-32,/home/gsantiago/summer_bee_data/summer_bee_data/images/young-adults-blue-white-in-lab-1-32_batch_1.mp4.mp4.track000382.frame053454.jpg,blue,23,10
27,27,27,27,27,27,27,23,green-lillac,52880,382,1,,in-lab,1-32,/home/gsantiago/summer_bee_data/summer_bee_data/images/young-adults-blue-white-in-lab-1-32_batch_1.mp4.mp4.track000382.frame052880.jpg,blue,23,10
28,28,28,28,28,28,28,23,green-lillac,52653,382,1,,in-lab,1-32,/home/gsantiago/summer_bee_data/summer_bee_data/images/young-adults-blue-white-in-lab-1-32_batch_1.mp4.mp4.track000382.frame052653.jpg,blue,23,10
29,29,29,29,29,29,29,23,green-lillac,52732,382,1,,in-lab,1-32,/home/gsantiago/summer_bee_data/summer_bee_data/images/young-adults-blue-white-in-lab-1-32_batch_1.mp4.mp4.track000382.frame052732.jpg,blue,23,10
30,30,30,30,30,30,30,23,green-lillac,52154,381,1,,in-lab,1-32,/home/gsantiago/summer_bee_data/summer_bee_data/images/young-adults-blue-white-in-lab-1-32_batch_1.mp4.mp4.track000381.frame052154.jpg,white,23,10
31,31,31,31,31,31,31,23,green-lillac,51813,381,1,,in-lab,1-32,/home/gsantiago/summer_bee_data/summer_bee_data/images/young-adults-blue-white-in-lab-1-32_batch_1.mp4.mp4.track000381.frame051813.jpg,white,23,10
32,32,32,32,32,32,32,23,green-lillac,51652,296,1,2.0,outside,1-32,/home/gsantiago/summer_bee_data/summer_bee_data/images/young-adults-blue-white-outside_2-1-32_batch_1.mp4.mp4.track000296.frame051652.jpg,white,23,10
33,33,33,33,33,33,33,23,green-lillac,51863,381,1,,in-lab,1-32,/home/gsantiago/summer_bee_data/summer_bee_data/images/young-adults-blue-white-in-lab-1-32_batch_1.mp4.mp4.track000381.frame051863.jpg,white,23,10
34,34,34,34,34,34,34,23,green-lillac,51629,296,1,2.0,outside,1-32,/home/gsantiago/summer_bee_data/summer_bee_data/images/young-adults-blue-white-outside_2-1-32_batch_1.mp4.mp4.track000296.frame051629.jpg,white,23,10
35,35,35,35,35,35,35,23,green-lillac,51594,296,1,2.0,outside,1-32,/home/gsantiago/summer_bee_data/summer_bee_data/images/young-adults-blue-white-outside_2-1-32_batch_1.mp4.mp4.track000296.frame051594.jpg,white,23,10
36,36,36,36,36,36,36,23,green-lillac,51583,296,1,2.0,outside,1-32,/home/gsantiago/summer_bee_data/summer_bee_data/images/young-adults-blue-white-outside_2-1-32_batch_1.mp4.mp4.track000296.frame051583.jpg,white,23,10
37,37,37,37,37,37,37,23,green-lillac,52029,381,1,,in-lab,1-32,/home/gsantiago/summer_bee_data/summer_bee_data/images/young-adults-blue-white-in-lab-1-32_batch_1.mp4.mp4.track000381.frame052029.jpg,white,23,10
38,38,38,38,38,38,38,23,green-lillac,52038,381,1,,in-lab,1-32,/home/gsantiago/summer_bee_data/summer_bee_data/images/young-adults-blue-white-in-lab-1-32_batch_1.mp4.mp4.track000381.frame052038.jpg,white,23,10
39,39,39,39,39,39,39,23,green-lillac,51645,296,1,2.0,outside,1-32,/home/gsantiago/summer_bee_data/summer_bee_data/images/young-adults-blue-white-outside_2-1-32_batch_1.mp4.mp4.track000296.frame051645.jpg,white,23,10
40,40,40,40,40,40,40,54,lillac-orange,33985,216,1,2.0,outside,33-64,/home/gsantiago/summer_bee_data/summer_bee_data/images/young-adults-blue-white-outside_2-33-64_batch_1.mp4.mp4.track000216.frame033985.jpg,blue,54,19
41,41,41,41,41,41,41,54,lillac-orange,57364,487,1,,in-lab,33-64,/home/gsantiago/summer_bee_data/summer_bee_data/images/young-adults-blue-white-in-lab-33-64_batch_1.mp4.mp4.track000487.frame057364.jpg,blue,54,19
42,42,42,42,42,42,42,54,lillac-orange,33986,216,1,2.0,outside,33-64,/home/gsantiago/summer_bee_data/summer_bee_data/images/young-adults-blue-white-outside_2-33-64_batch_1.mp4.mp4.track000216.frame033986.jpg,blue,54,19
43,43,43,43,43,43,43,54,lillac-orange,57344,487,1,,in-lab,33-64,/home/gsantiago/summer_bee_data/summer_bee_data/images/young-adults-blue-white-in-lab-33-64_batch_1.mp4.mp4.track000487.frame057344.jpg,blue,54,19
44,44,44,44,44,44,44,54,lillac-orange,57315,487,1,,in-lab,33-64,/home/gsantiago/summer_bee_data/summer_bee_data/images/young-adults-blue-white-in-lab-33-64_batch_1.mp4.mp4.track000487.frame057315.jpg,blue,54,19
45,45,45,45,45,45,45,54,lillac-orange,34312,216,1,2.0,outside,33-64,/home/gsantiago/summer_bee_data/summer_bee_data/images/young-adults-blue-white-outside_2-33-64_batch_1.mp4.mp4.track000216.frame034312.jpg,blue,54,19
46,46,46,46,46,46,46,54,lillac-orange,34314,216,1,2.0,outside,33-64,/home/gsantiago/summer_bee_data/summer_bee_data/images/young-adults-blue-white-outside_2-33-64_batch_1.mp4.mp4.track000216.frame034314.jpg,blue,54,19
47,47,47,47,47,47,47,54,lillac-orange,57341,487,1,,in-lab,33-64,/home/gsantiago/summer_bee_data/summer_bee_data/images/young-adults-blue-white-in-lab-33-64_batch_1.mp4.mp4.track000487.frame057341.jpg,blue,54,19
48,48,48,48,48,48,48,54,lillac-orange,33967,216,1,2.0,outside,33-64,/home/gsantiago/summer_bee_data/summer_bee_data/images/young-adults-blue-white-outside_2-33-64_batch_1.mp4.mp4.track000216.frame033967.jpg,blue,54,19
49,49,49,49,49,49,49,54,lillac-orange,57269,487,1,,in-lab,33-64,/home/gsantiago/summer_bee_data/summer_bee_data/images/young-adults-blue-white-in-lab-33-64_batch_1.mp4.mp4.track000487.frame057269.jpg,blue,54,19
50,50,50,50,50,50,50,54,lillac-orange,56767,485,1,,in-lab,33-64,/home/gsantiago/summer_bee_data/summer_bee_data/images/young-adults-blue-white-in-lab-33-64_batch_1.mp4.mp4.track000485.frame056767.jpg,white,54,19
51,51,51,51,51,51,51,54,lillac-orange,33527,214,1,2.0,outside,33-64,/home/gsantiago/summer_bee_data/summer_bee_data/images/young-adults-blue-white-outside_2-33-64_batch_1.mp4.mp4.track000214.frame033527.jpg,white,54,19
52,52,52,52,52,52,52,54,lillac-orange,33337,214,1,2.0,outside,33-64,/home/gsantiago/summer_bee_data/summer_bee_data/images/young-adults-blue-white-outside_2-33-64_batch_1.mp4.mp4.track000214.frame033337.jpg,white,54,19
53,53,53,53,53,53,53,54,lillac-orange,33340,214,1,2.0,outside,33-64,/home/gsantiago/summer_bee_data/summer_bee_data/images/young-adults-blue-white-outside_2-33-64_batch_1.mp4.mp4.track000214.frame033340.jpg,white,54,19
54,54,54,54,54,54,54,54,lillac-orange,33522,214,1,2.0,outside,33-64,/home/gsantiago/summer_bee_data/summer_bee_data/images/young-adults-blue-white-outside_2-33-64_batch_1.mp4.mp4.track000214.frame033522.jpg,white,54,19
55,55,55,55,55,55,55,54,lillac-orange,33525,214,1,2.0,outside,33-64,/home/gsantiago/summer_bee_data/summer_bee_data/images/young-adults-blue-white-outside_2-33-64_batch_1.mp4.mp4.track000214.frame033525.jpg,white,54,19
56,56,56,56,56,56,56,54,lillac-orange,33335,214,1,2.0,outside,33-64,/home/gsantiago/summer_bee_data/summer_bee_data/images/young-adults-blue-white-outside_2-33-64_batch_1.mp4.mp4.track000214.frame033335.jpg,white,54,19
57,57,57,57,57,57,57,54,lillac-orange,56719,485,1,,in-lab,33-64,/home/gsantiago/summer_bee_data/summer_bee_data/images/young-adults-blue-white-in-lab-33-64_batch_1.mp4.mp4.track000485.frame056719.jpg,white,54,19
58,58,58,58,58,58,58,54,lillac-orange,33528,214,1,2.0,outside,33-64,/home/gsantiago/summer_bee_data/summer_bee_data/images/young-adults-blue-white-outside_2-33-64_batch_1.mp4.mp4.track000214.frame033528.jpg,white,54,19
59,59,59,59,59,59,59,54,lillac-orange,33511,214,1,2.0,outside,33-64,/home/gsantiago/summer_bee_data/summer_bee_data/images/young-adults-blue-white-outside_2-33-64_batch_1.mp4.mp4.track000214.frame033511.jpg,white,54,19
60,60,60,60,60,60,60,44,orange-pink,31765,231,1,,in-lab,33-64,/home/gsantiago/summer_bee_data/summer_bee_data/images/young-adults-blue-white-in-lab-33-64_batch_1.mp4.mp4.track000231.frame031765.jpg,blue,44,28
61,61,61,61,61,61,61,44,orange-pink,33773,257,1,,in-lab,33-64,/home/gsantiago/summer_bee_data/summer_bee_data/images/young-adults-blue-white-in-lab-33-64_batch_1.mp4.mp4.track000257.frame033773.jpg,blue,44,28
62,62,62,62,62,62,62,44,orange-pink,19741,127,1,2.0,outside,33-64,/home/gsantiago/summer_bee_data/summer_bee_data/images/young-adults-blue-white-outside_2-33-64_batch_1.mp4.mp4.track000127.frame019741.jpg,blue,44,28
63,63,63,63,63,63,63,44,orange-pink,19846,129,1,2.0,outside,33-64,/home/gsantiago/summer_bee_data/summer_bee_data/images/young-adults-blue-white-outside_2-33-64_batch_1.mp4.mp4.track000129.frame019846.jpg,blue,44,28
64,64,64,64,64,64,64,44,orange-pink,19837,129,1,2.0,outside,33-64,/home/gsantiago/summer_bee_data/summer_bee_data/images/young-adults-blue-white-outside_2-33-64_batch_1.mp4.mp4.track000129.frame019837.jpg,blue,44,28
65,65,65,65,65,65,65,44,orange-pink,19997,131,1,2.0,outside,33-64,/home/gsantiago/summer_bee_data/summer_bee_data/images/young-adults-blue-white-outside_2-33-64_batch_1.mp4.mp4.track000131.frame019997.jpg,blue,44,28
66,66,66,66,66,66,66,44,orange-pink,33810,257,1,,in-lab,33-64,/home/gsantiago/summer_bee_data/summer_bee_data/images/young-adults-blue-white-in-lab-33-64_batch_1.mp4.mp4.track000257.frame033810.jpg,blue,44,28
67,67,67,67,67,67,67,44,orange-pink,19753,127,1,2.0,outside,33-64,/home/gsantiago/summer_bee_data/summer_bee_data/images/young-adults-blue-white-outside_2-33-64_batch_1.mp4.mp4.track000127.frame019753.jpg,blue,44,28
68,68,68,68,68,68,68,44,orange-pink,19844,129,1,2.0,outside,33-64,/home/gsantiago/summer_bee_data/summer_bee_data/images/young-adults-blue-white-outside_2-33-64_batch_1.mp4.mp4.track000129.frame019844.jpg,blue,44,28
69,69,69,69,69,69,69,44,orange-pink,20062,131,1,2.0,outside,33-64,/home/gsantiago/summer_bee_data/summer_bee_data/images/young-adults-blue-white-outside_2-33-64_batch_1.mp4.mp4.track000131.frame020062.jpg,blue,44,28
70,70,70,70,70,70,70,44,orange-pink,32752,240,1,,in-lab,33-64,/home/gsantiago/summer_bee_data/summer_bee_data/images/young-adults-blue-white-in-lab-33-64_batch_1.mp4.mp4.track000240.frame032752.jpg,white,44,28
71,71,71,71,71,71,71,44,orange-pink,32734,240,1,,in-lab,33-64,/home/gsantiago/summer_bee_data/summer_bee_data/images/young-adults-blue-white-in-lab-33-64_batch_1.mp4.mp4.track000240.frame032734.jpg,white,44,28
72,72,72,72,72,72,72,44,orange-pink,17565,109,1,2.0,outside,33-64,/home/gsantiago/summer_bee_data/summer_bee_data/images/young-adults-blue-white-outside_2-33-64_batch_1.mp4.mp4.track000109.frame017565.jpg,white,44,28
73,73,73,73,73,73,73,44,orange-pink,32595,234,1,,in-lab,33-64,/home/gsantiago/summer_bee_data/summer_bee_data/images/young-adults-blue-white-in-lab-33-64_batch_1.mp4.mp4.track000234.frame032595.jpg,white,44,28
74,74,74,74,74,74,74,44,orange-pink,17610,109,1,2.0,outside,33-64,/home/gsantiago/summer_bee_data/summer_bee_data/images/young-adults-blue-white-outside_2-33-64_batch_1.mp4.mp4.track000109.frame017610.jpg,white,44,28
75,75,75,75,75,75,75,44,orange-pink,17254,107,1,2.0,outside,33-64,/home/gsantiago/summer_bee_data/summer_bee_data/images/young-adults-blue-white-outside_2-33-64_batch_1.mp4.mp4.track000107.frame017254.jpg,white,44,28
76,76,76,76,76,76,76,44,orange-pink,19243,124,1,2.0,outside,33-64,/home/gsantiago/summer_bee_data/summer_bee_data/images/young-adults-blue-white-outside_2-33-64_batch_1.mp4.mp4.track000124.frame019243.jpg,white,44,28
77,77,77,77,77,77,77,44,orange-pink,19246,124,1,2.0,outside,33-64,/home/gsantiago/summer_bee_data/summer_bee_data/images/young-adults-blue-white-outside_2-33-64_batch_1.mp4.mp4.track000124.frame019246.jpg,white,44,28
78,78,78,78,78,78,78,44,orange-pink,19595,126,1,2.0,outside,33-64,/home/gsantiago/summer_bee_data/summer_bee_data/images/young-adults-blue-white-outside_2-33-64_batch_1.mp4.mp4.track000126.frame019595.jpg,white,44,28
79,79,79,79,79,79,79,44,orange-pink,19299,124,1,2.0,outside,33-64,/home/gsantiago/summer_bee_data/summer_bee_data/images/young-adults-blue-white-outside_2-33-64_batch_1.mp4.mp4.track000124.frame019299.jpg,white,44,28
80,80,80,80,80,80,80,32,pink-red,65171,364,1,2.0,outside,1-32,/home/gsantiago/summer_bee_data/summer_bee_data/images/young-adults-blue-white-outside_2-1-32_batch_1.mp4.mp4.track000364.frame065171.jpg,blue,32,37
81,81,81,81,81,81,81,32,pink-red,64866,363,1,2.0,outside,1-32,/home/gsantiago/summer_bee_data/summer_bee_data/images/young-adults-blue-white-outside_2-1-32_batch_1.mp4.mp4.track000363.frame064866.jpg,blue,32,37
82,82,82,82,82,82,82,32,pink-red,65288,365,1,2.0,outside,1-32,/home/gsantiago/summer_bee_data/summer_bee_data/images/young-adults-blue-white-outside_2-1-32_batch_1.mp4.mp4.track000365.frame065288.jpg,blue,32,37
83,83,83,83,83,83,83,32,pink-red,65008,364,1,2.0,outside,1-32,/home/gsantiago/summer_bee_data/summer_bee_data/images/young-adults-blue-white-outside_2-1-32_batch_1.mp4.mp4.track000364.frame065008.jpg,blue,32,37
84,84,84,84,84,84,84,32,pink-red,65032,364,1,2.0,outside,1-32,/home/gsantiago/summer_bee_data/summer_bee_data/images/young-adults-blue-white-outside_2-1-32_batch_1.mp4.mp4.track000364.frame065032.jpg,blue,32,37
85,85,85,85,85,85,85,32,pink-red,64867,363,1,2.0,outside,1-32,/home/gsantiago/summer_bee_data/summer_bee_data/images/young-adults-blue-white-outside_2-1-32_batch_1.mp4.mp4.track000363.frame064867.jpg,blue,32,37
86,86,86,86,86,86,86,32,pink-red,65007,364,1,2.0,outside,1-32,/home/gsantiago/summer_bee_data/summer_bee_data/images/young-adults-blue-white-outside_2-1-32_batch_1.mp4.mp4.track000364.frame065007.jpg,blue,32,37
87,87,87,87,87,87,87,32,pink-red,64896,363,1,2.0,outside,1-32,/home/gsantiago/summer_bee_data/summer_bee_data/images/young-adults-blue-white-outside_2-1-32_batch_1.mp4.mp4.track000363.frame064896.jpg,blue,32,37
88,88,88,88,88,88,88,32,pink-red,64869,363,1,2.0,outside,1-32,/home/gsantiago/summer_bee_data/summer_bee_data/images/young-adults-blue-white-outside_2-1-32_batch_1.mp4.mp4.track000363.frame064869.jpg,blue,32,37
89,89,89,89,89,89,89,32,pink-red,64897,363,1,2.0,outside,1-32,/home/gsantiago/summer_bee_data/summer_bee_data/images/young-adults-blue-white-outside_2-1-32_batch_1.mp4.mp4.track000363.frame064897.jpg,blue,32,37
90,90,90,90,90,90,90,32,pink-red,64498,362,1,2.0,outside,1-32,/home/gsantiago/summer_bee_data/summer_bee_data/images/young-adults-blue-white-outside_2-1-32_batch_1.mp4.mp4.track000362.frame064498.jpg,white,32,37
91,91,91,91,91,91,91,32,pink-red,86578,670,1,,in-lab,1-32,/home/gsantiago/summer_bee_data/summer_bee_data/images/young-adults-blue-white-in-lab-1-32_batch_1.mp4.mp4.track000670.frame086578.jpg,white,32,37
92,92,92,92,92,92,92,32,pink-red,64435,362,1,2.0,outside,1-32,/home/gsantiago/summer_bee_data/summer_bee_data/images/young-adults-blue-white-outside_2-1-32_batch_1.mp4.mp4.track000362.frame064435.jpg,white,32,37
93,93,93,93,93,93,93,32,pink-red,86268,668,1,,in-lab,1-32,/home/gsantiago/summer_bee_data/summer_bee_data/images/young-adults-blue-white-in-lab-1-32_batch_1.mp4.mp4.track000668.frame086268.jpg,white,32,37
94,94,94,94,94,94,94,32,pink-red,86548,670,1,,in-lab,1-32,/home/gsantiago/summer_bee_data/summer_bee_data/images/young-adults-blue-white-in-lab-1-32_batch_1.mp4.mp4.track000670.frame086548.jpg,white,32,37
95,95,95,95,95,95,95,32,pink-red,86736,670,1,,in-lab,1-32,/home/gsantiago/summer_bee_data/summer_bee_data/images/young-adults-blue-white-in-lab-1-32_batch_1.mp4.mp4.track000670.frame086736.jpg,white,32,37
96,96,96,96,96,96,96,32,pink-red,86582,670,1,,in-lab,1-32,/home/gsantiago/summer_bee_data/summer_bee_data/images/young-adults-blue-white-in-lab-1-32_batch_1.mp4.mp4.track000670.frame086582.jpg,white,32,37
97,97,97,97,97,97,97,32,pink-red,86332,668,1,,in-lab,1-32,/home/gsantiago/summer_bee_data/summer_bee_data/images/young-adults-blue-white-in-lab-1-32_batch_1.mp4.mp4.track000668.frame086332.jpg,white,32,37
98,98,98,98,98,98,98,32,pink-red,86564,670,1,,in-lab,1-32,/home/gsantiago/summer_bee_data/summer_bee_data/images/young-adults-blue-white-in-lab-1-32_batch_1.mp4.mp4.track000670.frame086564.jpg,white,32,37
99,99,99,99,99,99,99,32,pink-red,64437,362,1,2.0,outside,1-32,/home/gsantiago/summer_bee_data/summer_bee_data/images/young-adults-blue-white-outside_2-1-32_batch_1.mp4.mp4.track000362.frame064437.jpg,white,32,37
100,100,100,100,100,100,100,61,red-white,47494,289,1,2.0,outside,33-64,/home/gsantiago/summer_bee_data/summer_bee_data/images/young-adults-blue-white-outside_2-33-64_batch_1.mp4.mp4.track000289.frame047494.jpg,blue,61,46
101,101,101,101,101,101,101,61,red-white,47325,287,1,2.0,outside,33-64,/home/gsantiago/summer_bee_data/summer_bee_data/images/young-adults-blue-white-outside_2-33-64_batch_1.mp4.mp4.track000287.frame047325.jpg,blue,61,46
102,102,102,102,102,102,102,61,red-white,47471,289,1,2.0,outside,33-64,/home/gsantiago/summer_bee_data/summer_bee_data/images/young-adults-blue-white-outside_2-33-64_batch_1.mp4.mp4.track000289.frame047471.jpg,blue,61,46
103,103,103,103,103,103,103,61,red-white,47481,289,1,2.0,outside,33-64,/home/gsantiago/summer_bee_data/summer_bee_data/images/young-adults-blue-white-outside_2-33-64_batch_1.mp4.mp4.track000289.frame047481.jpg,blue,61,46
104,104,104,104,104,104,104,61,red-white,47679,289,1,2.0,outside,33-64,/home/gsantiago/summer_bee_data/summer_bee_data/images/young-adults-blue-white-outside_2-33-64_batch_1.mp4.mp4.track000289.frame047679.jpg,blue,61,46
105,105,105,105,105,105,105,61,red-white,47643,289,1,2.0,outside,33-64,/home/gsantiago/summer_bee_data/summer_bee_data/images/young-adults-blue-white-outside_2-33-64_batch_1.mp4.mp4.track000289.frame047643.jpg,blue,61,46
106,106,106,106,106,106,106,61,red-white,47664,289,1,2.0,outside,33-64,/home/gsantiago/summer_bee_data/summer_bee_data/images/young-adults-blue-white-outside_2-33-64_batch_1.mp4.mp4.track000289.frame047664.jpg,blue,61,46
107,107,107,107,107,107,107,61,red-white,47663,289,1,2.0,outside,33-64,/home/gsantiago/summer_bee_data/summer_bee_data/images/young-adults-blue-white-outside_2-33-64_batch_1.mp4.mp4.track000289.frame047663.jpg,blue,61,46
108,108,108,108,108,108,108,61,red-white,47512,289,1,2.0,outside,33-64,/home/gsantiago/summer_bee_data/summer_bee_data/images/young-adults-blue-white-outside_2-33-64_batch_1.mp4.mp4.track000289.frame047512.jpg,blue,61,46
109,109,109,109,109,109,109,61,red-white,47673,289,1,2.0,outside,33-64,/home/gsantiago/summer_bee_data/summer_bee_data/images/young-adults-blue-white-outside_2-33-64_batch_1.mp4.mp4.track000289.frame047673.jpg,blue,61,46
110,110,110,110,110,110,110,61,red-white,71149,598,1,,in-lab,33-64,/home/gsantiago/summer_bee_data/summer_bee_data/images/young-adults-blue-white-in-lab-33-64_batch_1.mp4.mp4.track000598.frame071149.jpg,white,61,46
111,111,111,111,111,111,111,61,red-white,71171,598,1,,in-lab,33-64,/home/gsantiago/summer_bee_data/summer_bee_data/images/young-adults-blue-white-in-lab-33-64_batch_1.mp4.mp4.track000598.frame071171.jpg,white,61,46
112,112,112,112,112,112,112,61,red-white,47161,287,1,2.0,outside,33-64,/home/gsantiago/summer_bee_data/summer_bee_data/images/young-adults-blue-white-outside_2-33-64_batch_1.mp4.mp4.track000287.frame047161.jpg,white,61,46
113,113,113,113,113,113,113,61,red-white,71157,598,1,,in-lab,33-64,/home/gsantiago/summer_bee_data/summer_bee_data/images/young-adults-blue-white-in-lab-33-64_batch_1.mp4.mp4.track000598.frame071157.jpg,white,61,46
114,114,114,114,114,114,114,61,red-white,47304,287,1,2.0,outside,33-64,/home/gsantiago/summer_bee_data/summer_bee_data/images/young-adults-blue-white-outside_2-33-64_batch_1.mp4.mp4.track000287.frame047304.jpg,white,61,46
115,115,115,115,115,115,115,61,red-white,71147,598,1,,in-lab,33-64,/home/gsantiago/summer_bee_data/summer_bee_data/images/young-adults-blue-white-in-lab-33-64_batch_1.mp4.mp4.track000598.frame071147.jpg,white,61,46
116,116,116,116,116,116,116,61,red-white,71158,598,1,,in-lab,33-64,/home/gsantiago/summer_bee_data/summer_bee_data/images/young-adults-blue-white-in-lab-33-64_batch_1.mp4.mp4.track000598.frame071158.jpg,white,61,46
117,117,117,117,117,117,117,61,red-white,46905,287,1,2.0,outside,33-64,/home/gsantiago/summer_bee_data/summer_bee_data/images/young-adults-blue-white-outside_2-33-64_batch_1.mp4.mp4.track000287.frame046905.jpg,white,61,46
118,118,118,118,118,118,118,61,red-white,47126,287,1,2.0,outside,33-64,/home/gsantiago/summer_bee_data/summer_bee_data/images/young-adults-blue-white-outside_2-33-64_batch_1.mp4.mp4.track000287.frame047126.jpg,white,61,46
119,119,119,119,119,119,119,61,red-white,47337,287,1,2.0,outside,33-64,/home/gsantiago/summer_bee_data/summer_bee_data/images/young-adults-blue-white-outside_2-33-64_batch_1.mp4.mp4.track000287.frame047337.jpg,white,61,46
120,120,120,120,120,120,120,33,white-yellow,2681,6,1,2.0,outside,33-64,/home/gsantiago/summer_bee_data/summer_bee_data/images/young-adults-blue-white-outside_2-33-64_batch_1.mp4.mp4.track000006.frame002681.jpg,blue,33,55
121,121,121,121,121,121,121,33,white-yellow,1684,9,1,,in-lab,33-64,/home/gsantiago/summer_bee_data/summer_bee_data/images/young-adults-blue-white-in-lab-33-64_batch_1.mp4.mp4.track000009.frame001684.jpg,blue,33,55
122,122,122,122,122,122,122,33,white-yellow,2037,17,1,,in-lab,33-64,/home/gsantiago/summer_bee_data/summer_bee_data/images/young-adults-blue-white-in-lab-33-64_batch_1.mp4.mp4.track000017.frame002037.jpg,blue,33,55
123,123,123,123,123,123,123,33,white-yellow,2738,6,1,2.0,outside,33-64,/home/gsantiago/summer_bee_data/summer_bee_data/images/young-adults-blue-white-outside_2-33-64_batch_1.mp4.mp4.track000006.frame002738.jpg,blue,33,55
124,124,124,124,124,124,124,33,white-yellow,1774,9,1,,in-lab,33-64,/home/gsantiago/summer_bee_data/summer_bee_data/images/young-adults-blue-white-in-lab-33-64_batch_1.mp4.mp4.track000009.frame001774.jpg,blue,33,55
125,125,125,125,125,125,125,33,white-yellow,1726,9,1,,in-lab,33-64,/home/gsantiago/summer_bee_data/summer_bee_data/images/young-adults-blue-white-in-lab-33-64_batch_1.mp4.mp4.track000009.frame001726.jpg,blue,33,55
126,126,126,126,126,126,126,33,white-yellow,1609,9,1,,in-lab,33-64,/home/gsantiago/summer_bee_data/summer_bee_data/images/young-adults-blue-white-in-lab-33-64_batch_1.mp4.mp4.track000009.frame001609.jpg,blue,33,55
127,127,127,127,127,127,127,33,white-yellow,2800,6,1,2.0,outside,33-64,/home/gsantiago/summer_bee_data/summer_bee_data/images/young-adults-blue-white-outside_2-33-64_batch_1.mp4.mp4.track000006.frame002800.jpg,blue,33,55
128,128,128,128,128,128,128,33,white-yellow,2757,6,1,2.0,outside,33-64,/home/gsantiago/summer_bee_data/summer_bee_data/images/young-adults-blue-white-outside_2-33-64_batch_1.mp4.mp4.track000006.frame002757.jpg,blue,33,55
129,129,129,129,129,129,129,33,white-yellow,2754,6,1,2.0,outside,33-64,/home/gsantiago/summer_bee_data/summer_bee_data/images/young-adults-blue-white-outside_2-33-64_batch_1.mp4.mp4.track000006.frame002754.jpg,blue,33,55
130,130,130,130,130,130,130,33,white-yellow,1261,2,1,2.0,outside,33-64,/home/gsantiago/summer_bee_data/summer_bee_data/images/young-adults-blue-white-outside_2-33-64_batch_1.mp4.mp4.track000002.frame001261.jpg,white,33,55
131,131,131,131,131,131,131,33,white-yellow,2291,3,1,2.0,outside,33-64,/home/gsantiago/summer_bee_data/summer_bee_data/images/young-adults-blue-white-outside_2-33-64_batch_1.mp4.mp4.track000003.frame002291.jpg,white,33,55
132,132,132,132,132,132,132,33,white-yellow,2314,3,1,2.0,outside,33-64,/home/gsantiago/summer_bee_data/summer_bee_data/images/young-adults-blue-white-outside_2-33-64_batch_1.mp4.mp4.track000003.frame002314.jpg,white,33,55
133,133,133,133,133,133,133,33,white-yellow,1448,2,1,2.0,outside,33-64,/home/gsantiago/summer_bee_data/summer_bee_data/images/young-adults-blue-white-outside_2-33-64_batch_1.mp4.mp4.track000002.frame001448.jpg,white,33,55
134,134,134,134,134,134,134,33,white-yellow,1399,2,1,2.0,outside,33-64,/home/gsantiago/summer_bee_data/summer_bee_data/images/young-adults-blue-white-outside_2-33-64_batch_1.mp4.mp4.track000002.frame001399.jpg,white,33,55
135,135,135,135,135,135,135,33,white-yellow,1256,2,1,2.0,outside,33-64,/home/gsantiago/summer_bee_data/summer_bee_data/images/young-adults-blue-white-outside_2-33-64_batch_1.mp4.mp4.track000002.frame001256.jpg,white,33,55
136,136,136,136,136,136,136,33,white-yellow,2289,3,1,2.0,outside,33-64,/home/gsantiago/summer_bee_data/summer_bee_data/images/young-adults-blue-white-outside_2-33-64_batch_1.mp4.mp4.track000003.frame002289.jpg,white,33,55
137,137,137,137,137,137,137,33,white-yellow,2300,3,1,2.0,outside,33-64,/home/gsantiago/summer_bee_data/summer_bee_data/images/young-adults-blue-white-outside_2-33-64_batch_1.mp4.mp4.track000003.frame002300.jpg,white,33,55
138,138,138,138,138,138,138,33,white-yellow,903,4,1,,in-lab,33-64,/home/gsantiago/summer_bee_data/summer_bee_data/images/young-adults-blue-white-in-lab-33-64_batch_1.mp4.mp4.track000004.frame000903.jpg,white,33,55
139,139,139,139,139,139,139,33,white-yellow,1389,2,1,2.0,outside,33-64,/home/gsantiago/summer_bee_data/summer_bee_data/images/young-adults-blue-white-outside_2-33-64_batch_1.mp4.mp4.track000002.frame001389.jpg,white,33,55
140,140,140,140,140,140,140,2,yellow-blue,2549,9,1,2.0,outside,1-32,/home/gsantiago/summer_bee_data/summer_bee_data/images/young-adults-blue-white-outside_2-1-32_batch_1.mp4.mp4.track000009.frame002549.jpg,blue,2,56
141,141,141,141,141,141,141,2,yellow-blue,2668,11,1,2.0,outside,1-32,/home/gsantiago/summer_bee_data/summer_bee_data/images/young-adults-blue-white-outside_2-1-32_batch_1.mp4.mp4.track000011.frame002668.jpg,blue,2,56
142,142,142,142,142,142,142,2,yellow-blue,2299,9,1,2.0,outside,1-32,/home/gsantiago/summer_bee_data/summer_bee_data/images/young-adults-blue-white-outside_2-1-32_batch_1.mp4.mp4.track000009.frame002299.jpg,blue,2,56
143,143,143,143,143,143,143,2,yellow-blue,2415,9,1,2.0,outside,1-32,/home/gsantiago/summer_bee_data/summer_bee_data/images/young-adults-blue-white-outside_2-1-32_batch_1.mp4.mp4.track000009.frame002415.jpg,blue,2,56
144,144,144,144,144,144,144,2,yellow-blue,2641,11,1,2.0,outside,1-32,/home/gsantiago/summer_bee_data/summer_bee_data/images/young-adults-blue-white-outside_2-1-32_batch_1.mp4.mp4.track000011.frame002641.jpg,blue,2,56
145,145,145,145,145,145,145,2,yellow-blue,2636,11,1,2.0,outside,1-32,/home/gsantiago/summer_bee_data/summer_bee_data/images/young-adults-blue-white-outside_2-1-32_batch_1.mp4.mp4.track000011.frame002636.jpg,blue,2,56
146,146,146,146,146,146,146,2,yellow-blue,2313,9,1,2.0,outside,1-32,/home/gsantiago/summer_bee_data/summer_bee_data/images/young-adults-blue-white-outside_2-1-32_batch_1.mp4.mp4.track000009.frame002313.jpg,blue,2,56
147,147,147,147,147,147,147,2,yellow-blue,2393,9,1,2.0,outside,1-32,/home/gsantiago/summer_bee_data/summer_bee_data/images/young-adults-blue-white-outside_2-1-32_batch_1.mp4.mp4.track000009.frame002393.jpg,blue,2,56
148,148,148,148,148,148,148,2,yellow-blue,2540,9,1,2.0,outside,1-32,/home/gsantiago/summer_bee_data/summer_bee_data/images/young-adults-blue-white-outside_2-1-32_batch_1.mp4.mp4.track000009.frame002540.jpg,blue,2,56
149,149,149,149,149,149,149,2,yellow-blue,2581,11,1,2.0,outside,1-32,/home/gsantiago/summer_bee_data/summer_bee_data/images/young-adults-blue-white-outside_2-1-32_batch_1.mp4.mp4.track000011.frame002581.jpg,blue,2,56
150,150,150,150,150,150,150,2,yellow-blue,2220,8,1,2.0,outside,1-32,/home/gsantiago/summer_bee_data/summer_bee_data/images/young-adults-blue-white-outside_2-1-32_batch_1.mp4.mp4.track000008.frame002220.jpg,white,2,56
151,151,151,151,151,151,151,2,yellow-blue,2008,8,1,2.0,outside,1-32,/home/gsantiago/summer_bee_data/summer_bee_data/images/young-adults-blue-white-outside_2-1-32_batch_1.mp4.mp4.track000008.frame002008.jpg,white,2,56
152,152,152,152,152,152,152,2,yellow-blue,2230,8,1,2.0,outside,1-32,/home/gsantiago/summer_bee_data/summer_bee_data/images/young-adults-blue-white-outside_2-1-32_batch_1.mp4.mp4.track000008.frame002230.jpg,white,2,56
153,153,153,153,153,153,153,2,yellow-blue,2087,8,1,2.0,outside,1-32,/home/gsantiago/summer_bee_data/summer_bee_data/images/young-adults-blue-white-outside_2-1-32_batch_1.mp4.mp4.track000008.frame002087.jpg,white,2,56
154,154,154,154,154,154,154,2,yellow-blue,2086,8,1,2.0,outside,1-32,/home/gsantiago/summer_bee_data/summer_bee_data/images/young-adults-blue-white-outside_2-1-32_batch_1.mp4.mp4.track000008.frame002086.jpg,white,2,56
155,155,155,155,155,155,155,2,yellow-blue,1787,8,1,2.0,outside,1-32,/home/gsantiago/summer_bee_data/summer_bee_data/images/young-adults-blue-white-outside_2-1-32_batch_1.mp4.mp4.track000008.frame001787.jpg,white,2,56
156,156,156,156,156,156,156,2,yellow-blue,1895,8,1,2.0,outside,1-32,/home/gsantiago/summer_bee_data/summer_bee_data/images/young-adults-blue-white-outside_2-1-32_batch_1.mp4.mp4.track000008.frame001895.jpg,white,2,56
157,157,157,157,157,157,157,2,yellow-blue,1790,8,1,2.0,outside,1-32,/home/gsantiago/summer_bee_data/summer_bee_data/images/young-adults-blue-white-outside_2-1-32_batch_1.mp4.mp4.track000008.frame001790.jpg,white,2,56
158,158,158,158,158,158,158,2,yellow-blue,2153,8,1,2.0,outside,1-32,/home/gsantiago/summer_bee_data/summer_bee_data/images/young-adults-blue-white-outside_2-1-32_batch_1.mp4.mp4.track000008.frame002153.jpg,white,2,56
159,159,159,159,159,159,159,2,yellow-blue,2205,8,1,2.0,outside,1-32,/home/gsantiago/summer_bee_data/summer_bee_data/images/young-adults-blue-white-outside_2-1-32_batch_1.mp4.mp4.track000008.frame002205.jpg,white,2,56
