,Unnamed: 0.2,Unnamed: 0.1,Unnamed: 0,img_number,ID,color_id,frame,track,batch,pass,environment,bee_range,filepath,background,reID,color_num
0,0,0,0,0,74,blue-blue,19933,171,2,2.0,outside,65-96,/home/gsantiago/summer_bee_data/summer_bee_data/images/young-adults-white-blue-outside-65-96_batch_2_pass_2.mp4.mp4.track000171.frame019933.jpg,blue,74,0
1,1,1,1,1,74,blue-blue,14067,83,2,,in-lab,65-96,/home/gsantiago/summer_bee_data/summer_bee_data/images/young-adults-white-blue-in-lab-65-96_batch_2.mp4.mp4.track000083.frame014067.jpg,blue,74,0
2,2,2,2,2,74,blue-blue,19927,171,2,2.0,outside,65-96,/home/gsantiago/summer_bee_data/summer_bee_data/images/young-adults-white-blue-outside-65-96_batch_2_pass_2.mp4.mp4.track000171.frame019927.jpg,blue,74,0
3,3,3,3,3,74,blue-blue,14346,83,2,,in-lab,65-96,/home/gsantiago/summer_bee_data/summer_bee_data/images/young-adults-white-blue-in-lab-65-96_batch_2.mp4.mp4.track000083.frame014346.jpg,blue,74,0
4,4,4,4,4,74,blue-blue,13919,83,2,,in-lab,65-96,/home/gsantiago/summer_bee_data/summer_bee_data/images/young-adults-white-blue-in-lab-65-96_batch_2.mp4.mp4.track000083.frame013919.jpg,blue,74,0
5,5,5,5,5,74,blue-blue,14463,83,2,,in-lab,65-96,/home/gsantiago/summer_bee_data/summer_bee_data/images/young-adults-white-blue-in-lab-65-96_batch_2.mp4.mp4.track000083.frame014463.jpg,blue,74,0
6,6,6,6,6,74,blue-blue,13912,83,2,,in-lab,65-96,/home/gsantiago/summer_bee_data/summer_bee_data/images/young-adults-white-blue-in-lab-65-96_batch_2.mp4.mp4.track000083.frame013912.jpg,blue,74,0
7,7,7,7,7,74,blue-blue,20380,186,2,2.0,outside,65-96,/home/gsantiago/summer_bee_data/summer_bee_data/images/young-adults-white-blue-outside-65-96_batch_2_pass_2.mp4.mp4.track000186.frame020380.jpg,blue,74,0
8,8,8,8,8,74,blue-blue,14385,83,2,,in-lab,65-96,/home/gsantiago/summer_bee_data/summer_bee_data/images/young-adults-white-blue-in-lab-65-96_batch_2.mp4.mp4.track000083.frame014385.jpg,blue,74,0
9,9,9,9,9,74,blue-blue,13869,83,2,,in-lab,65-96,/home/gsantiago/summer_bee_data/summer_bee_data/images/young-adults-white-blue-in-lab-65-96_batch_2.mp4.mp4.track000083.frame013869.jpg,blue,74,0
10,10,10,10,10,74,blue-blue,19480,162,2,2.0,outside,65-96,/home/gsantiago/summer_bee_data/summer_bee_data/images/young-adults-white-blue-outside-65-96_batch_2_pass_2.mp4.mp4.track000162.frame019480.jpg,white,74,0
11,11,11,11,11,74,blue-blue,19473,162,2,2.0,outside,65-96,/home/gsantiago/summer_bee_data/summer_bee_data/images/young-adults-white-blue-outside-65-96_batch_2_pass_2.mp4.mp4.track000162.frame019473.jpg,white,74,0
12,12,12,12,12,74,blue-blue,13776,83,2,,in-lab,65-96,/home/gsantiago/summer_bee_data/summer_bee_data/images/young-adults-white-blue-in-lab-65-96_batch_2.mp4.mp4.track000083.frame013776.jpg,white,74,0
13,13,13,13,13,74,blue-blue,19462,162,2,2.0,outside,65-96,/home/gsantiago/summer_bee_data/summer_bee_data/images/young-adults-white-blue-outside-65-96_batch_2_pass_2.mp4.mp4.track000162.frame019462.jpg,white,74,0
14,14,14,14,14,74,blue-blue,13411,83,2,,in-lab,65-96,/home/gsantiago/summer_bee_data/summer_bee_data/images/young-adults-white-blue-in-lab-65-96_batch_2.mp4.mp4.track000083.frame013411.jpg,white,74,0
15,15,15,15,15,74,blue-blue,19481,162,2,2.0,outside,65-96,/home/gsantiago/summer_bee_data/summer_bee_data/images/young-adults-white-blue-outside-65-96_batch_2_pass_2.mp4.mp4.track000162.frame019481.jpg,white,74,0
16,16,16,16,16,74,blue-blue,19461,162,2,2.0,outside,65-96,/home/gsantiago/summer_bee_data/summer_bee_data/images/young-adults-white-blue-outside-65-96_batch_2_pass_2.mp4.mp4.track000162.frame019461.jpg,white,74,0
17,17,17,17,17,74,blue-blue,19448,162,2,2.0,outside,65-96,/home/gsantiago/summer_bee_data/summer_bee_data/images/young-adults-white-blue-outside-65-96_batch_2_pass_2.mp4.mp4.track000162.frame019448.jpg,white,74,0
18,18,18,18,18,74,blue-blue,19467,162,2,2.0,outside,65-96,/home/gsantiago/summer_bee_data/summer_bee_data/images/young-adults-white-blue-outside-65-96_batch_2_pass_2.mp4.mp4.track000162.frame019467.jpg,white,74,0
19,19,19,19,19,74,blue-blue,19479,162,2,2.0,outside,65-96,/home/gsantiago/summer_bee_data/summer_bee_data/images/young-adults-white-blue-outside-65-96_batch_2_pass_2.mp4.mp4.track000162.frame019479.jpg,white,74,0
20,20,20,20,20,83,green-green,38362,202,2,,in-lab,65-96,/home/gsantiago/summer_bee_data/summer_bee_data/images/young-adults-white-blue-in-lab-65-96_batch_2.mp4.mp4.track000202.frame038362.jpg,blue,83,9
21,21,21,21,21,83,green-green,24035,333,2,1.0,outside,65-96,/home/gsantiago/summer_bee_data/summer_bee_data/images/young-adults-white-blue-outside-65-96_batch_2_pass_1.mp4.mp4.track000333.frame024035.jpg,blue,83,9
22,22,22,22,22,83,green-green,34486,323,2,2.0,outside,65-96,/home/gsantiago/summer_bee_data/summer_bee_data/images/young-adults-white-blue-outside-65-96_batch_2_pass_2.mp4.mp4.track000323.frame034486.jpg,blue,83,9
23,23,23,23,23,83,green-green,23833,329,2,1.0,outside,65-96,/home/gsantiago/summer_bee_data/summer_bee_data/images/young-adults-white-blue-outside-65-96_batch_2_pass_1.mp4.mp4.track000329.frame023833.jpg,blue,83,9
24,24,24,24,24,83,green-green,24345,334,2,1.0,outside,65-96,/home/gsantiago/summer_bee_data/summer_bee_data/images/young-adults-white-blue-outside-65-96_batch_2_pass_1.mp4.mp4.track000334.frame024345.jpg,blue,83,9
25,25,25,25,25,83,green-green,24291,334,2,1.0,outside,65-96,/home/gsantiago/summer_bee_data/summer_bee_data/images/young-adults-white-blue-outside-65-96_batch_2_pass_1.mp4.mp4.track000334.frame024291.jpg,blue,83,9
26,26,26,26,26,83,green-green,23861,329,2,1.0,outside,65-96,/home/gsantiago/summer_bee_data/summer_bee_data/images/young-adults-white-blue-outside-65-96_batch_2_pass_1.mp4.mp4.track000329.frame023861.jpg,blue,83,9
27,27,27,27,27,83,green-green,34467,323,2,2.0,outside,65-96,/home/gsantiago/summer_bee_data/summer_bee_data/images/young-adults-white-blue-outside-65-96_batch_2_pass_2.mp4.mp4.track000323.frame034467.jpg,blue,83,9
28,28,28,28,28,83,green-green,34471,323,2,2.0,outside,65-96,/home/gsantiago/summer_bee_data/summer_bee_data/images/young-adults-white-blue-outside-65-96_batch_2_pass_2.mp4.mp4.track000323.frame034471.jpg,blue,83,9
29,29,29,29,29,83,green-green,38660,202,2,,in-lab,65-96,/home/gsantiago/summer_bee_data/summer_bee_data/images/young-adults-white-blue-in-lab-65-96_batch_2.mp4.mp4.track000202.frame038660.jpg,blue,83,9
30,30,30,30,30,83,green-green,23200,318,2,1.0,outside,65-96,/home/gsantiago/summer_bee_data/summer_bee_data/images/young-adults-white-blue-outside-65-96_batch_2_pass_1.mp4.mp4.track000318.frame023200.jpg,white,83,9
31,31,31,31,31,83,green-green,23567,326,2,1.0,outside,65-96,/home/gsantiago/summer_bee_data/summer_bee_data/images/young-adults-white-blue-outside-65-96_batch_2_pass_1.mp4.mp4.track000326.frame023567.jpg,white,83,9
32,32,32,32,32,83,green-green,23572,326,2,1.0,outside,65-96,/home/gsantiago/summer_bee_data/summer_bee_data/images/young-adults-white-blue-outside-65-96_batch_2_pass_1.mp4.mp4.track000326.frame023572.jpg,white,83,9
33,33,33,33,33,83,green-green,22831,318,2,1.0,outside,65-96,/home/gsantiago/summer_bee_data/summer_bee_data/images/young-adults-white-blue-outside-65-96_batch_2_pass_1.mp4.mp4.track000318.frame022831.jpg,white,83,9
34,34,34,34,34,83,green-green,34202,321,2,2.0,outside,65-96,/home/gsantiago/summer_bee_data/summer_bee_data/images/young-adults-white-blue-outside-65-96_batch_2_pass_2.mp4.mp4.track000321.frame034202.jpg,white,83,9
35,35,35,35,35,83,green-green,33965,321,2,2.0,outside,65-96,/home/gsantiago/summer_bee_data/summer_bee_data/images/young-adults-white-blue-outside-65-96_batch_2_pass_2.mp4.mp4.track000321.frame033965.jpg,white,83,9
36,36,36,36,36,83,green-green,34324,321,2,2.0,outside,65-96,/home/gsantiago/summer_bee_data/summer_bee_data/images/young-adults-white-blue-outside-65-96_batch_2_pass_2.mp4.mp4.track000321.frame034324.jpg,white,83,9
37,37,37,37,37,83,green-green,34141,321,2,2.0,outside,65-96,/home/gsantiago/summer_bee_data/summer_bee_data/images/young-adults-white-blue-outside-65-96_batch_2_pass_2.mp4.mp4.track000321.frame034141.jpg,white,83,9
38,38,38,38,38,83,green-green,23600,326,2,1.0,outside,65-96,/home/gsantiago/summer_bee_data/summer_bee_data/images/young-adults-white-blue-outside-65-96_batch_2_pass_1.mp4.mp4.track000326.frame023600.jpg,white,83,9
39,39,39,39,39,83,green-green,34063,321,2,2.0,outside,65-96,/home/gsantiago/summer_bee_data/summer_bee_data/images/young-adults-white-blue-outside-65-96_batch_2_pass_2.mp4.mp4.track000321.frame034063.jpg,white,83,9
40,40,40,40,40,119,lillac-lillac,36948,391,2,1.0,outside,97-128,/home/gsantiago/summer_bee_data/summer_bee_data/images/young-adults-white-blue-outside-97-128_batch_2_pass_1.mp4.mp4.track000391.frame036948.jpg,blue,119,18
41,41,41,41,41,119,lillac-lillac,36631,382,2,1.0,outside,97-128,/home/gsantiago/summer_bee_data/summer_bee_data/images/young-adults-white-blue-outside-97-128_batch_2_pass_1.mp4.mp4.track000382.frame036631.jpg,blue,119,18
42,42,42,42,42,119,lillac-lillac,36950,391,2,1.0,outside,97-128,/home/gsantiago/summer_bee_data/summer_bee_data/images/young-adults-white-blue-outside-97-128_batch_2_pass_1.mp4.mp4.track000391.frame036950.jpg,blue,119,18
43,43,43,43,43,119,lillac-lillac,36819,386,2,1.0,outside,97-128,/home/gsantiago/summer_bee_data/summer_bee_data/images/young-adults-white-blue-outside-97-128_batch_2_pass_1.mp4.mp4.track000386.frame036819.jpg,blue,119,18
44,44,44,44,44,119,lillac-lillac,36629,382,2,1.0,outside,97-128,/home/gsantiago/summer_bee_data/summer_bee_data/images/young-adults-white-blue-outside-97-128_batch_2_pass_1.mp4.mp4.track000382.frame036629.jpg,blue,119,18
45,45,45,45,45,119,lillac-lillac,36849,386,2,1.0,outside,97-128,/home/gsantiago/summer_bee_data/summer_bee_data/images/young-adults-white-blue-outside-97-128_batch_2_pass_1.mp4.mp4.track000386.frame036849.jpg,blue,119,18
46,46,46,46,46,119,lillac-lillac,36418,376,2,1.0,outside,97-128,/home/gsantiago/summer_bee_data/summer_bee_data/images/young-adults-white-blue-outside-97-128_batch_2_pass_1.mp4.mp4.track000376.frame036418.jpg,blue,119,18
47,47,47,47,47,119,lillac-lillac,35889,208,2,2.0,outside,97-128,/home/gsantiago/summer_bee_data/summer_bee_data/images/young-adults-white-blue-outside-97-128_batch_2_pass_2.mp4.mp4.track000208.frame035889.jpg,blue,119,18
48,48,48,48,48,119,lillac-lillac,35954,208,2,2.0,outside,97-128,/home/gsantiago/summer_bee_data/summer_bee_data/images/young-adults-white-blue-outside-97-128_batch_2_pass_2.mp4.mp4.track000208.frame035954.jpg,blue,119,18
49,49,49,49,49,119,lillac-lillac,35945,208,2,2.0,outside,97-128,/home/gsantiago/summer_bee_data/summer_bee_data/images/young-adults-white-blue-outside-97-128_batch_2_pass_2.mp4.mp4.track000208.frame035945.jpg,blue,119,18
50,50,50,50,50,119,lillac-lillac,35983,373,2,1.0,outside,97-128,/home/gsantiago/summer_bee_data/summer_bee_data/images/young-adults-white-blue-outside-97-128_batch_2_pass_1.mp4.mp4.track000373.frame035983.jpg,white,119,18
51,51,51,51,51,119,lillac-lillac,36016,373,2,1.0,outside,97-128,/home/gsantiago/summer_bee_data/summer_bee_data/images/young-adults-white-blue-outside-97-128_batch_2_pass_1.mp4.mp4.track000373.frame036016.jpg,white,119,18
52,52,52,52,52,119,lillac-lillac,35985,373,2,1.0,outside,97-128,/home/gsantiago/summer_bee_data/summer_bee_data/images/young-adults-white-blue-outside-97-128_batch_2_pass_1.mp4.mp4.track000373.frame035985.jpg,white,119,18
53,53,53,53,53,119,lillac-lillac,35990,373,2,1.0,outside,97-128,/home/gsantiago/summer_bee_data/summer_bee_data/images/young-adults-white-blue-outside-97-128_batch_2_pass_1.mp4.mp4.track000373.frame035990.jpg,white,119,18
54,54,54,54,54,119,lillac-lillac,35553,370,2,1.0,outside,97-128,/home/gsantiago/summer_bee_data/summer_bee_data/images/young-adults-white-blue-outside-97-128_batch_2_pass_1.mp4.mp4.track000370.frame035553.jpg,white,119,18
55,55,55,55,55,119,lillac-lillac,35966,373,2,1.0,outside,97-128,/home/gsantiago/summer_bee_data/summer_bee_data/images/young-adults-white-blue-outside-97-128_batch_2_pass_1.mp4.mp4.track000373.frame035966.jpg,white,119,18
56,56,56,56,56,119,lillac-lillac,35544,370,2,1.0,outside,97-128,/home/gsantiago/summer_bee_data/summer_bee_data/images/young-adults-white-blue-outside-97-128_batch_2_pass_1.mp4.mp4.track000370.frame035544.jpg,white,119,18
57,57,57,57,57,119,lillac-lillac,36089,373,2,1.0,outside,97-128,/home/gsantiago/summer_bee_data/summer_bee_data/images/young-adults-white-blue-outside-97-128_batch_2_pass_1.mp4.mp4.track000373.frame036089.jpg,white,119,18
58,58,58,58,58,119,lillac-lillac,36014,373,2,1.0,outside,97-128,/home/gsantiago/summer_bee_data/summer_bee_data/images/young-adults-white-blue-outside-97-128_batch_2_pass_1.mp4.mp4.track000373.frame036014.jpg,white,119,18
59,59,59,59,59,119,lillac-lillac,36249,375,2,1.0,outside,97-128,/home/gsantiago/summer_bee_data/summer_bee_data/images/young-adults-white-blue-outside-97-128_batch_2_pass_1.mp4.mp4.track000375.frame036249.jpg,white,119,18
60,60,60,60,60,110,orange-orange,22831,225,2,1.0,outside,97-128,/home/gsantiago/summer_bee_data/summer_bee_data/images/young-adults-white-blue-outside-97-128_batch_2_pass_1.mp4.mp4.track000225.frame022831.jpg,blue,110,27
61,61,61,61,61,110,orange-orange,22334,222,2,1.0,outside,97-128,/home/gsantiago/summer_bee_data/summer_bee_data/images/young-adults-white-blue-outside-97-128_batch_2_pass_1.mp4.mp4.track000222.frame022334.jpg,blue,110,27
62,62,62,62,62,110,orange-orange,21778,91,2,2.0,outside,97-128,/home/gsantiago/summer_bee_data/summer_bee_data/images/young-adults-white-blue-outside-97-128_batch_2_pass_2.mp4.mp4.track000091.frame021778.jpg,blue,110,27
63,63,63,63,63,110,orange-orange,21565,91,2,2.0,outside,97-128,/home/gsantiago/summer_bee_data/summer_bee_data/images/young-adults-white-blue-outside-97-128_batch_2_pass_2.mp4.mp4.track000091.frame021565.jpg,blue,110,27
64,64,64,64,64,110,orange-orange,22412,224,2,1.0,outside,97-128,/home/gsantiago/summer_bee_data/summer_bee_data/images/young-adults-white-blue-outside-97-128_batch_2_pass_1.mp4.mp4.track000224.frame022412.jpg,blue,110,27
65,65,65,65,65,110,orange-orange,21560,91,2,2.0,outside,97-128,/home/gsantiago/summer_bee_data/summer_bee_data/images/young-adults-white-blue-outside-97-128_batch_2_pass_2.mp4.mp4.track000091.frame021560.jpg,blue,110,27
66,66,66,66,66,110,orange-orange,21747,91,2,2.0,outside,97-128,/home/gsantiago/summer_bee_data/summer_bee_data/images/young-adults-white-blue-outside-97-128_batch_2_pass_2.mp4.mp4.track000091.frame021747.jpg,blue,110,27
67,67,67,67,67,110,orange-orange,22321,222,2,1.0,outside,97-128,/home/gsantiago/summer_bee_data/summer_bee_data/images/young-adults-white-blue-outside-97-128_batch_2_pass_1.mp4.mp4.track000222.frame022321.jpg,blue,110,27
68,68,68,68,68,110,orange-orange,22331,222,2,1.0,outside,97-128,/home/gsantiago/summer_bee_data/summer_bee_data/images/young-adults-white-blue-outside-97-128_batch_2_pass_1.mp4.mp4.track000222.frame022331.jpg,blue,110,27
69,69,69,69,69,110,orange-orange,22416,224,2,1.0,outside,97-128,/home/gsantiago/summer_bee_data/summer_bee_data/images/young-adults-white-blue-outside-97-128_batch_2_pass_1.mp4.mp4.track000224.frame022416.jpg,blue,110,27
70,70,70,70,70,110,orange-orange,21191,90,2,2.0,outside,97-128,/home/gsantiago/summer_bee_data/summer_bee_data/images/young-adults-white-blue-outside-97-128_batch_2_pass_2.mp4.mp4.track000090.frame021191.jpg,white,110,27
71,71,71,71,71,110,orange-orange,22083,221,2,1.0,outside,97-128,/home/gsantiago/summer_bee_data/summer_bee_data/images/young-adults-white-blue-outside-97-128_batch_2_pass_1.mp4.mp4.track000221.frame022083.jpg,white,110,27
72,72,72,72,72,110,orange-orange,21386,90,2,2.0,outside,97-128,/home/gsantiago/summer_bee_data/summer_bee_data/images/young-adults-white-blue-outside-97-128_batch_2_pass_2.mp4.mp4.track000090.frame021386.jpg,white,110,27
73,73,73,73,73,110,orange-orange,21104,89,2,2.0,outside,97-128,/home/gsantiago/summer_bee_data/summer_bee_data/images/young-adults-white-blue-outside-97-128_batch_2_pass_2.mp4.mp4.track000089.frame021104.jpg,white,110,27
74,74,74,74,74,110,orange-orange,21199,90,2,2.0,outside,97-128,/home/gsantiago/summer_bee_data/summer_bee_data/images/young-adults-white-blue-outside-97-128_batch_2_pass_2.mp4.mp4.track000090.frame021199.jpg,white,110,27
75,75,75,75,75,110,orange-orange,21228,90,2,2.0,outside,97-128,/home/gsantiago/summer_bee_data/summer_bee_data/images/young-adults-white-blue-outside-97-128_batch_2_pass_2.mp4.mp4.track000090.frame021228.jpg,white,110,27
76,76,76,76,76,110,orange-orange,21198,90,2,2.0,outside,97-128,/home/gsantiago/summer_bee_data/summer_bee_data/images/young-adults-white-blue-outside-97-128_batch_2_pass_2.mp4.mp4.track000090.frame021198.jpg,white,110,27
77,77,77,77,77,110,orange-orange,22128,221,2,1.0,outside,97-128,/home/gsantiago/summer_bee_data/summer_bee_data/images/young-adults-white-blue-outside-97-128_batch_2_pass_1.mp4.mp4.track000221.frame022128.jpg,white,110,27
78,78,78,78,78,110,orange-orange,21193,90,2,2.0,outside,97-128,/home/gsantiago/summer_bee_data/summer_bee_data/images/young-adults-white-blue-outside-97-128_batch_2_pass_2.mp4.mp4.track000090.frame021193.jpg,white,110,27
79,79,79,79,79,110,orange-orange,21334,90,2,2.0,outside,97-128,/home/gsantiago/summer_bee_data/summer_bee_data/images/young-adults-white-blue-outside-97-128_batch_2_pass_2.mp4.mp4.track000090.frame021334.jpg,white,110,27
80,80,80,80,80,92,pink-pink,52843,238,2,,in-lab,65-96,/home/gsantiago/summer_bee_data/summer_bee_data/images/young-adults-white-blue-in-lab-65-96_batch_2.mp4.mp4.track000238.frame052843.jpg,blue,92,36
81,81,81,81,81,92,pink-pink,52839,238,2,,in-lab,65-96,/home/gsantiago/summer_bee_data/summer_bee_data/images/young-adults-white-blue-in-lab-65-96_batch_2.mp4.mp4.track000238.frame052839.jpg,blue,92,36
82,82,82,82,82,92,pink-pink,35179,455,2,1.0,outside,65-96,/home/gsantiago/summer_bee_data/summer_bee_data/images/young-adults-white-blue-outside-65-96_batch_2_pass_1.mp4.mp4.track000455.frame035179.jpg,blue,92,36
83,83,83,83,83,92,pink-pink,53418,533,2,2.0,outside,65-96,/home/gsantiago/summer_bee_data/summer_bee_data/images/young-adults-white-blue-outside-65-96_batch_2_pass_2.mp4.mp4.track000533.frame053418.jpg,blue,92,36
84,84,84,84,84,92,pink-pink,35326,456,2,1.0,outside,65-96,/home/gsantiago/summer_bee_data/summer_bee_data/images/young-adults-white-blue-outside-65-96_batch_2_pass_1.mp4.mp4.track000456.frame035326.jpg,blue,92,36
85,85,85,85,85,92,pink-pink,54205,533,2,2.0,outside,65-96,/home/gsantiago/summer_bee_data/summer_bee_data/images/young-adults-white-blue-outside-65-96_batch_2_pass_2.mp4.mp4.track000533.frame054205.jpg,blue,92,36
86,86,86,86,86,92,pink-pink,35252,455,2,1.0,outside,65-96,/home/gsantiago/summer_bee_data/summer_bee_data/images/young-adults-white-blue-outside-65-96_batch_2_pass_1.mp4.mp4.track000455.frame035252.jpg,blue,92,36
87,87,87,87,87,92,pink-pink,54245,533,2,2.0,outside,65-96,/home/gsantiago/summer_bee_data/summer_bee_data/images/young-adults-white-blue-outside-65-96_batch_2_pass_2.mp4.mp4.track000533.frame054245.jpg,blue,92,36
88,88,88,88,88,92,pink-pink,53413,533,2,2.0,outside,65-96,/home/gsantiago/summer_bee_data/summer_bee_data/images/young-adults-white-blue-outside-65-96_batch_2_pass_2.mp4.mp4.track000533.frame053413.jpg,blue,92,36
89,89,89,89,89,92,pink-pink,54409,535,2,2.0,outside,65-96,/home/gsantiago/summer_bee_data/summer_bee_data/images/young-adults-white-blue-outside-65-96_batch_2_pass_2.mp4.mp4.track000535.frame054409.jpg,blue,92,36
90,90,90,90,90,92,pink-pink,52116,523,2,2.0,outside,65-96,/home/gsantiago/summer_bee_data/summer_bee_data/images/young-adults-white-blue-outside-65-96_batch_2_pass_2.mp4.mp4.track000523.frame052116.jpg,white,92,36
91,91,91,91,91,92,pink-pink,52784,529,2,2.0,outside,65-96,/home/gsantiago/summer_bee_data/summer_bee_data/images/young-adults-white-blue-outside-65-96_batch_2_pass_2.mp4.mp4.track000529.frame052784.jpg,white,92,36
92,92,92,92,92,92,pink-pink,52077,523,2,2.0,outside,65-96,/home/gsantiago/summer_bee_data/summer_bee_data/images/young-adults-white-blue-outside-65-96_batch_2_pass_2.mp4.mp4.track000523.frame052077.jpg,white,92,36
93,93,93,93,93,92,pink-pink,52383,238,2,,in-lab,65-96,/home/gsantiago/summer_bee_data/summer_bee_data/images/young-adults-white-blue-in-lab-65-96_batch_2.mp4.mp4.track000238.frame052383.jpg,white,92,36
94,94,94,94,94,92,pink-pink,52119,523,2,2.0,outside,65-96,/home/gsantiago/summer_bee_data/summer_bee_data/images/young-adults-white-blue-outside-65-96_batch_2_pass_2.mp4.mp4.track000523.frame052119.jpg,white,92,36
95,95,95,95,95,92,pink-pink,52059,523,2,2.0,outside,65-96,/home/gsantiago/summer_bee_data/summer_bee_data/images/young-adults-white-blue-outside-65-96_batch_2_pass_2.mp4.mp4.track000523.frame052059.jpg,white,92,36
96,96,96,96,96,92,pink-pink,34676,450,2,1.0,outside,65-96,/home/gsantiago/summer_bee_data/summer_bee_data/images/young-adults-white-blue-outside-65-96_batch_2_pass_1.mp4.mp4.track000450.frame034676.jpg,white,92,36
97,97,97,97,97,92,pink-pink,52723,529,2,2.0,outside,65-96,/home/gsantiago/summer_bee_data/summer_bee_data/images/young-adults-white-blue-outside-65-96_batch_2_pass_2.mp4.mp4.track000529.frame052723.jpg,white,92,36
98,98,98,98,98,92,pink-pink,52786,529,2,2.0,outside,65-96,/home/gsantiago/summer_bee_data/summer_bee_data/images/young-adults-white-blue-outside-65-96_batch_2_pass_2.mp4.mp4.track000529.frame052786.jpg,white,92,36
99,99,99,99,99,92,pink-pink,52884,529,2,2.0,outside,65-96,/home/gsantiago/summer_bee_data/summer_bee_data/images/young-adults-white-blue-outside-65-96_batch_2_pass_2.mp4.mp4.track000529.frame052884.jpg,white,92,36
100,100,100,100,100,128,red-red,53641,509,2,1.0,outside,97-128,/home/gsantiago/summer_bee_data/summer_bee_data/images/young-adults-white-blue-outside-97-128_batch_2_pass_1.mp4.mp4.track000509.frame053641.jpg,blue,128,45
101,101,101,101,101,128,red-red,46529,254,2,2.0,outside,97-128,/home/gsantiago/summer_bee_data/summer_bee_data/images/young-adults-white-blue-outside-97-128_batch_2_pass_2.mp4.mp4.track000254.frame046529.jpg,blue,128,45
102,102,102,102,102,128,red-red,46465,254,2,2.0,outside,97-128,/home/gsantiago/summer_bee_data/summer_bee_data/images/young-adults-white-blue-outside-97-128_batch_2_pass_2.mp4.mp4.track000254.frame046465.jpg,blue,128,45
103,103,103,103,103,128,red-red,46721,256,2,2.0,outside,97-128,/home/gsantiago/summer_bee_data/summer_bee_data/images/young-adults-white-blue-outside-97-128_batch_2_pass_2.mp4.mp4.track000256.frame046721.jpg,blue,128,45
104,104,104,104,104,128,red-red,53322,508,2,1.0,outside,97-128,/home/gsantiago/summer_bee_data/summer_bee_data/images/young-adults-white-blue-outside-97-128_batch_2_pass_1.mp4.mp4.track000508.frame053322.jpg,blue,128,45
105,105,105,105,105,128,red-red,53082,506,2,1.0,outside,97-128,/home/gsantiago/summer_bee_data/summer_bee_data/images/young-adults-white-blue-outside-97-128_batch_2_pass_1.mp4.mp4.track000506.frame053082.jpg,blue,128,45
106,106,106,106,106,128,red-red,53387,508,2,1.0,outside,97-128,/home/gsantiago/summer_bee_data/summer_bee_data/images/young-adults-white-blue-outside-97-128_batch_2_pass_1.mp4.mp4.track000508.frame053387.jpg,blue,128,45
107,107,107,107,107,128,red-red,53395,508,2,1.0,outside,97-128,/home/gsantiago/summer_bee_data/summer_bee_data/images/young-adults-white-blue-outside-97-128_batch_2_pass_1.mp4.mp4.track000508.frame053395.jpg,blue,128,45
108,108,108,108,108,128,red-red,53480,508,2,1.0,outside,97-128,/home/gsantiago/summer_bee_data/summer_bee_data/images/young-adults-white-blue-outside-97-128_batch_2_pass_1.mp4.mp4.track000508.frame053480.jpg,blue,128,45
109,109,109,109,109,128,red-red,46733,256,2,2.0,outside,97-128,/home/gsantiago/summer_bee_data/summer_bee_data/images/young-adults-white-blue-outside-97-128_batch_2_pass_2.mp4.mp4.track000256.frame046733.jpg,blue,128,45
110,110,110,110,110,128,red-red,52844,504,2,1.0,outside,97-128,/home/gsantiago/summer_bee_data/summer_bee_data/images/young-adults-white-blue-outside-97-128_batch_2_pass_1.mp4.mp4.track000504.frame052844.jpg,white,128,45
111,111,111,111,111,128,red-red,52976,504,2,1.0,outside,97-128,/home/gsantiago/summer_bee_data/summer_bee_data/images/young-adults-white-blue-outside-97-128_batch_2_pass_1.mp4.mp4.track000504.frame052976.jpg,white,128,45
112,112,112,112,112,128,red-red,52991,504,2,1.0,outside,97-128,/home/gsantiago/summer_bee_data/summer_bee_data/images/young-adults-white-blue-outside-97-128_batch_2_pass_1.mp4.mp4.track000504.frame052991.jpg,white,128,45
113,113,113,113,113,128,red-red,46361,254,2,2.0,outside,97-128,/home/gsantiago/summer_bee_data/summer_bee_data/images/young-adults-white-blue-outside-97-128_batch_2_pass_2.mp4.mp4.track000254.frame046361.jpg,white,128,45
114,114,114,114,114,128,red-red,52759,504,2,1.0,outside,97-128,/home/gsantiago/summer_bee_data/summer_bee_data/images/young-adults-white-blue-outside-97-128_batch_2_pass_1.mp4.mp4.track000504.frame052759.jpg,white,128,45
115,115,115,115,115,128,red-red,52688,504,2,1.0,outside,97-128,/home/gsantiago/summer_bee_data/summer_bee_data/images/young-adults-white-blue-outside-97-128_batch_2_pass_1.mp4.mp4.track000504.frame052688.jpg,white,128,45
116,116,116,116,116,128,red-red,52979,504,2,1.0,outside,97-128,/home/gsantiago/summer_bee_data/summer_bee_data/images/young-adults-white-blue-outside-97-128_batch_2_pass_1.mp4.mp4.track000504.frame052979.jpg,white,128,45
117,117,117,117,117,128,red-red,52885,504,2,1.0,outside,97-128,/home/gsantiago/summer_bee_data/summer_bee_data/images/young-adults-white-blue-outside-97-128_batch_2_pass_1.mp4.mp4.track000504.frame052885.jpg,white,128,45
118,118,118,118,118,128,red-red,52874,504,2,1.0,outside,97-128,/home/gsantiago/summer_bee_data/summer_bee_data/images/young-adults-white-blue-outside-97-128_batch_2_pass_1.mp4.mp4.track000504.frame052874.jpg,white,128,45
119,119,119,119,119,128,red-red,52710,504,2,1.0,outside,97-128,/home/gsantiago/summer_bee_data/summer_bee_data/images/young-adults-white-blue-outside-97-128_batch_2_pass_1.mp4.mp4.track000504.frame052710.jpg,white,128,45
120,120,120,120,120,101,white-white,8696,30,2,2.0,outside,97-128,/home/gsantiago/summer_bee_data/summer_bee_data/images/young-adults-white-blue-outside-97-128_batch_2_pass_2.mp4.mp4.track000030.frame008696.jpg,blue,101,54
121,121,121,121,121,101,white-white,8738,30,2,2.0,outside,97-128,/home/gsantiago/summer_bee_data/summer_bee_data/images/young-adults-white-blue-outside-97-128_batch_2_pass_2.mp4.mp4.track000030.frame008738.jpg,blue,101,54
122,122,122,122,122,101,white-white,8707,30,2,2.0,outside,97-128,/home/gsantiago/summer_bee_data/summer_bee_data/images/young-adults-white-blue-outside-97-128_batch_2_pass_2.mp4.mp4.track000030.frame008707.jpg,blue,101,54
123,123,123,123,123,101,white-white,9532,86,2,1.0,outside,97-128,/home/gsantiago/summer_bee_data/summer_bee_data/images/young-adults-white-blue-outside-97-128_batch_2_pass_1.mp4.mp4.track000086.frame009532.jpg,blue,101,54
124,124,124,124,124,101,white-white,9659,89,2,1.0,outside,97-128,/home/gsantiago/summer_bee_data/summer_bee_data/images/young-adults-white-blue-outside-97-128_batch_2_pass_1.mp4.mp4.track000089.frame009659.jpg,blue,101,54
125,125,125,125,125,101,white-white,9229,84,2,1.0,outside,97-128,/home/gsantiago/summer_bee_data/summer_bee_data/images/young-adults-white-blue-outside-97-128_batch_2_pass_1.mp4.mp4.track000084.frame009229.jpg,blue,101,54
126,126,126,126,126,101,white-white,8700,30,2,2.0,outside,97-128,/home/gsantiago/summer_bee_data/summer_bee_data/images/young-adults-white-blue-outside-97-128_batch_2_pass_2.mp4.mp4.track000030.frame008700.jpg,blue,101,54
127,127,127,127,127,101,white-white,8932,31,2,2.0,outside,97-128,/home/gsantiago/summer_bee_data/summer_bee_data/images/young-adults-white-blue-outside-97-128_batch_2_pass_2.mp4.mp4.track000031.frame008932.jpg,blue,101,54
128,128,128,128,128,101,white-white,9021,31,2,2.0,outside,97-128,/home/gsantiago/summer_bee_data/summer_bee_data/images/young-adults-white-blue-outside-97-128_batch_2_pass_2.mp4.mp4.track000031.frame009021.jpg,blue,101,54
129,129,129,129,129,101,white-white,9125,31,2,2.0,outside,97-128,/home/gsantiago/summer_bee_data/summer_bee_data/images/young-adults-white-blue-outside-97-128_batch_2_pass_2.mp4.mp4.track000031.frame009125.jpg,blue,101,54
130,130,130,130,130,101,white-white,8939,81,2,1.0,outside,97-128,/home/gsantiago/summer_bee_data/summer_bee_data/images/young-adults-white-blue-outside-97-128_batch_2_pass_1.mp4.mp4.track000081.frame008939.jpg,white,101,54
131,131,131,131,131,101,white-white,8488,29,2,2.0,outside,97-128,/home/gsantiago/summer_bee_data/summer_bee_data/images/young-adults-white-blue-outside-97-128_batch_2_pass_2.mp4.mp4.track000029.frame008488.jpg,white,101,54
132,132,132,132,132,101,white-white,8512,29,2,2.0,outside,97-128,/home/gsantiago/summer_bee_data/summer_bee_data/images/young-adults-white-blue-outside-97-128_batch_2_pass_2.mp4.mp4.track000029.frame008512.jpg,white,101,54
133,133,133,133,133,101,white-white,8594,29,2,2.0,outside,97-128,/home/gsantiago/summer_bee_data/summer_bee_data/images/young-adults-white-blue-outside-97-128_batch_2_pass_2.mp4.mp4.track000029.frame008594.jpg,white,101,54
134,134,134,134,134,101,white-white,8510,29,2,2.0,outside,97-128,/home/gsantiago/summer_bee_data/summer_bee_data/images/young-adults-white-blue-outside-97-128_batch_2_pass_2.mp4.mp4.track000029.frame008510.jpg,white,101,54
135,135,135,135,135,101,white-white,8490,29,2,2.0,outside,97-128,/home/gsantiago/summer_bee_data/summer_bee_data/images/young-adults-white-blue-outside-97-128_batch_2_pass_2.mp4.mp4.track000029.frame008490.jpg,white,101,54
136,136,136,136,136,101,white-white,8969,81,2,1.0,outside,97-128,/home/gsantiago/summer_bee_data/summer_bee_data/images/young-adults-white-blue-outside-97-128_batch_2_pass_1.mp4.mp4.track000081.frame008969.jpg,white,101,54
137,137,137,137,137,101,white-white,8494,29,2,2.0,outside,97-128,/home/gsantiago/summer_bee_data/summer_bee_data/images/young-adults-white-blue-outside-97-128_batch_2_pass_2.mp4.mp4.track000029.frame008494.jpg,white,101,54
138,138,138,138,138,101,white-white,8500,29,2,2.0,outside,97-128,/home/gsantiago/summer_bee_data/summer_bee_data/images/young-adults-white-blue-outside-97-128_batch_2_pass_2.mp4.mp4.track000029.frame008500.jpg,white,101,54
139,139,139,139,139,101,white-white,8956,81,2,1.0,outside,97-128,/home/gsantiago/summer_bee_data/summer_bee_data/images/young-adults-white-blue-outside-97-128_batch_2_pass_1.mp4.mp4.track000081.frame008956.jpg,white,101,54
140,140,140,140,140,65,yellow-yellow,2660,5,2,2.0,outside,65-96,/home/gsantiago/summer_bee_data/summer_bee_data/images/young-adults-white-blue-outside-65-96_batch_2_pass_2.mp4.mp4.track000005.frame002660.jpg,blue,65,63
141,141,141,141,141,65,yellow-yellow,2708,7,2,2.0,outside,65-96,/home/gsantiago/summer_bee_data/summer_bee_data/images/young-adults-white-blue-outside-65-96_batch_2_pass_2.mp4.mp4.track000007.frame002708.jpg,blue,65,63
142,142,142,142,142,65,yellow-yellow,901,4,2,,in-lab,65-96,/home/gsantiago/summer_bee_data/summer_bee_data/images/young-adults-white-blue-in-lab-65-96_batch_2.mp4.mp4.track000004.frame000901.jpg,blue,65,63
143,143,143,143,143,65,yellow-yellow,776,8,2,1.0,outside,65-96,/home/gsantiago/summer_bee_data/summer_bee_data/images/young-adults-white-blue-outside-65-96_batch_2_pass_1.mp4.mp4.track000008.frame000776.jpg,blue,65,63
144,144,144,144,144,65,yellow-yellow,2737,7,2,2.0,outside,65-96,/home/gsantiago/summer_bee_data/summer_bee_data/images/young-adults-white-blue-outside-65-96_batch_2_pass_2.mp4.mp4.track000007.frame002737.jpg,blue,65,63
145,145,145,145,145,65,yellow-yellow,2987,9,2,2.0,outside,65-96,/home/gsantiago/summer_bee_data/summer_bee_data/images/young-adults-white-blue-outside-65-96_batch_2_pass_2.mp4.mp4.track000009.frame002987.jpg,blue,65,63
146,146,146,146,146,65,yellow-yellow,2709,7,2,2.0,outside,65-96,/home/gsantiago/summer_bee_data/summer_bee_data/images/young-adults-white-blue-outside-65-96_batch_2_pass_2.mp4.mp4.track000007.frame002709.jpg,blue,65,63
147,147,147,147,147,65,yellow-yellow,2914,9,2,2.0,outside,65-96,/home/gsantiago/summer_bee_data/summer_bee_data/images/young-adults-white-blue-outside-65-96_batch_2_pass_2.mp4.mp4.track000009.frame002914.jpg,blue,65,63
148,148,148,148,148,65,yellow-yellow,792,8,2,1.0,outside,65-96,/home/gsantiago/summer_bee_data/summer_bee_data/images/young-adults-white-blue-outside-65-96_batch_2_pass_1.mp4.mp4.track000008.frame000792.jpg,blue,65,63
149,149,149,149,149,65,yellow-yellow,2729,7,2,2.0,outside,65-96,/home/gsantiago/summer_bee_data/summer_bee_data/images/young-adults-white-blue-outside-65-96_batch_2_pass_2.mp4.mp4.track000007.frame002729.jpg,blue,65,63
150,150,150,150,150,65,yellow-yellow,185,2,2,1.0,outside,65-96,/home/gsantiago/summer_bee_data/summer_bee_data/images/young-adults-white-blue-outside-65-96_batch_2_pass_1.mp4.mp4.track000002.frame000185.jpg,white,65,63
151,151,151,151,151,65,yellow-yellow,418,5,2,1.0,outside,65-96,/home/gsantiago/summer_bee_data/summer_bee_data/images/young-adults-white-blue-outside-65-96_batch_2_pass_1.mp4.mp4.track000005.frame000418.jpg,white,65,63
152,152,152,152,152,65,yellow-yellow,1572,2,2,2.0,outside,65-96,/home/gsantiago/summer_bee_data/summer_bee_data/images/young-adults-white-blue-outside-65-96_batch_2_pass_2.mp4.mp4.track000002.frame001572.jpg,white,65,63
153,153,153,153,153,65,yellow-yellow,1553,2,2,2.0,outside,65-96,/home/gsantiago/summer_bee_data/summer_bee_data/images/young-adults-white-blue-outside-65-96_batch_2_pass_2.mp4.mp4.track000002.frame001553.jpg,white,65,63
154,154,154,154,154,65,yellow-yellow,358,5,2,1.0,outside,65-96,/home/gsantiago/summer_bee_data/summer_bee_data/images/young-adults-white-blue-outside-65-96_batch_2_pass_1.mp4.mp4.track000005.frame000358.jpg,white,65,63
155,155,155,155,155,65,yellow-yellow,275,5,2,1.0,outside,65-96,/home/gsantiago/summer_bee_data/summer_bee_data/images/young-adults-white-blue-outside-65-96_batch_2_pass_1.mp4.mp4.track000005.frame000275.jpg,white,65,63
156,156,156,156,156,65,yellow-yellow,387,5,2,1.0,outside,65-96,/home/gsantiago/summer_bee_data/summer_bee_data/images/young-adults-white-blue-outside-65-96_batch_2_pass_1.mp4.mp4.track000005.frame000387.jpg,white,65,63
157,157,157,157,157,65,yellow-yellow,754,3,2,,in-lab,65-96,/home/gsantiago/summer_bee_data/summer_bee_data/images/young-adults-white-blue-in-lab-65-96_batch_2.mp4.mp4.track000003.frame000754.jpg,white,65,63
158,158,158,158,158,65,yellow-yellow,772,3,2,,in-lab,65-96,/home/gsantiago/summer_bee_data/summer_bee_data/images/young-adults-white-blue-in-lab-65-96_batch_2.mp4.mp4.track000003.frame000772.jpg,white,65,63
159,159,159,159,159,65,yellow-yellow,1466,2,2,2.0,outside,65-96,/home/gsantiago/summer_bee_data/summer_bee_data/images/young-adults-white-blue-outside-65-96_batch_2_pass_2.mp4.mp4.track000002.frame001466.jpg,white,65,63
