,Unnamed: 0.1,Unnamed: 0,img_number,ID,color_id,frame,track,batch,pass,environment,bee_range,filepath,background,reID,color_num
0,0,0,0,74,blue-blue,14385,83,2,,in-lab,65-96,/home/gsantiago/summer_bee_data/summer_bee_data/images/young-adults-white-blue-in-lab-65-96_batch_2.mp4.mp4.track000083.frame014385.jpg,blue,74,0
1,1,1,1,74,blue-blue,13949,83,2,,in-lab,65-96,/home/gsantiago/summer_bee_data/summer_bee_data/images/young-adults-white-blue-in-lab-65-96_batch_2.mp4.mp4.track000083.frame013949.jpg,blue,74,0
2,2,2,2,74,blue-blue,19473,162,2,2.0,outside,65-96,/home/gsantiago/summer_bee_data/summer_bee_data/images/young-adults-white-blue-outside-65-96_batch_2_pass_2.mp4.mp4.track000162.frame019473.jpg,white,74,0
3,3,3,3,74,blue-blue,19447,162,2,2.0,outside,65-96,/home/gsantiago/summer_bee_data/summer_bee_data/images/young-adults-white-blue-outside-65-96_batch_2_pass_2.mp4.mp4.track000162.frame019447.jpg,white,74,0
4,4,4,4,75,blue-green,12748,176,2,1.0,outside,65-96,/home/gsantiago/summer_bee_data/summer_bee_data/images/young-adults-white-blue-outside-65-96_batch_2_pass_1.mp4.mp4.track000176.frame012748.jpg,blue,75,1
5,5,5,5,75,blue-green,12895,180,2,1.0,outside,65-96,/home/gsantiago/summer_bee_data/summer_bee_data/images/young-adults-white-blue-outside-65-96_batch_2_pass_1.mp4.mp4.track000180.frame012895.jpg,blue,75,1
6,6,6,6,75,blue-green,12141,171,2,1.0,outside,65-96,/home/gsantiago/summer_bee_data/summer_bee_data/images/young-adults-white-blue-outside-65-96_batch_2_pass_1.mp4.mp4.track000171.frame012141.jpg,white,75,1
7,7,7,7,75,blue-green,17611,90,2,,in-lab,65-96,/home/gsantiago/summer_bee_data/summer_bee_data/images/young-adults-white-blue-in-lab-65-96_batch_2.mp4.mp4.track000090.frame017611.jpg,white,75,1
8,8,8,8,79,blue-lillac,24627,135,2,,in-lab,65-96,/home/gsantiago/summer_bee_data/summer_bee_data/images/young-adults-white-blue-in-lab-65-96_batch_2.mp4.mp4.track000135.frame024627.jpg,blue,79,2
9,9,9,9,79,blue-lillac,24663,136,2,,in-lab,65-96,/home/gsantiago/summer_bee_data/summer_bee_data/images/young-adults-white-blue-in-lab-65-96_batch_2.mp4.mp4.track000136.frame024663.jpg,blue,79,2
10,10,10,10,79,blue-lillac,24308,128,2,,in-lab,65-96,/home/gsantiago/summer_bee_data/summer_bee_data/images/young-adults-white-blue-in-lab-65-96_batch_2.mp4.mp4.track000128.frame024308.jpg,white,79,2
11,11,11,11,79,blue-lillac,24103,128,2,,in-lab,65-96,/home/gsantiago/summer_bee_data/summer_bee_data/images/young-adults-white-blue-in-lab-65-96_batch_2.mp4.mp4.track000128.frame024103.jpg,white,79,2
12,12,12,12,78,blue-orange,27167,247,2,2.0,outside,65-96,/home/gsantiago/summer_bee_data/summer_bee_data/images/young-adults-white-blue-outside-65-96_batch_2_pass_2.mp4.mp4.track000247.frame027167.jpg,blue,78,3
13,13,13,13,78,blue-orange,16331,226,2,1.0,outside,65-96,/home/gsantiago/summer_bee_data/summer_bee_data/images/young-adults-white-blue-outside-65-96_batch_2_pass_1.mp4.mp4.track000226.frame016331.jpg,blue,78,3
14,14,14,14,78,blue-orange,15862,220,2,1.0,outside,65-96,/home/gsantiago/summer_bee_data/summer_bee_data/images/young-adults-white-blue-outside-65-96_batch_2_pass_1.mp4.mp4.track000220.frame015862.jpg,white,78,3
15,15,15,15,78,blue-orange,22412,119,2,,in-lab,65-96,/home/gsantiago/summer_bee_data/summer_bee_data/images/young-adults-white-blue-in-lab-65-96_batch_2.mp4.mp4.track000119.frame022412.jpg,white,78,3
16,16,16,16,76,blue-pink,20327,103,2,,in-lab,65-96,/home/gsantiago/summer_bee_data/summer_bee_data/images/young-adults-white-blue-in-lab-65-96_batch_2.mp4.mp4.track000103.frame020327.jpg,blue,76,4
17,17,17,17,76,blue-pink,14413,189,2,1.0,outside,65-96,/home/gsantiago/summer_bee_data/summer_bee_data/images/young-adults-white-blue-outside-65-96_batch_2_pass_1.mp4.mp4.track000189.frame014413.jpg,blue,76,4
18,18,18,18,76,blue-pink,13609,185,2,1.0,outside,65-96,/home/gsantiago/summer_bee_data/summer_bee_data/images/young-adults-white-blue-outside-65-96_batch_2_pass_1.mp4.mp4.track000185.frame013609.jpg,white,76,4
19,19,19,19,76,blue-pink,13395,185,2,1.0,outside,65-96,/home/gsantiago/summer_bee_data/summer_bee_data/images/young-adults-white-blue-outside-65-96_batch_2_pass_1.mp4.mp4.track000185.frame013395.jpg,white,76,4
20,20,20,20,80,blue-red,25588,137,2,,in-lab,65-96,/home/gsantiago/summer_bee_data/summer_bee_data/images/young-adults-white-blue-in-lab-65-96_batch_2.mp4.mp4.track000137.frame025588.jpg,blue,80,5
21,21,21,21,80,blue-red,30600,294,2,2.0,outside,65-96,/home/gsantiago/summer_bee_data/summer_bee_data/images/young-adults-white-blue-outside-65-96_batch_2_pass_2.mp4.mp4.track000294.frame030600.jpg,blue,80,5
22,22,22,22,80,blue-red,29886,283,2,2.0,outside,65-96,/home/gsantiago/summer_bee_data/summer_bee_data/images/young-adults-white-blue-outside-65-96_batch_2_pass_2.mp4.mp4.track000283.frame029886.jpg,white,80,5
23,23,23,23,80,blue-red,26146,140,2,,in-lab,65-96,/home/gsantiago/summer_bee_data/summer_bee_data/images/young-adults-white-blue-in-lab-65-96_batch_2.mp4.mp4.track000140.frame026146.jpg,white,80,5
24,24,24,24,77,blue-white,24484,223,2,2.0,outside,65-96,/home/gsantiago/summer_bee_data/summer_bee_data/images/young-adults-white-blue-outside-65-96_batch_2_pass_2.mp4.mp4.track000223.frame024484.jpg,blue,77,6
25,25,25,25,77,blue-white,15333,212,2,1.0,outside,65-96,/home/gsantiago/summer_bee_data/summer_bee_data/images/young-adults-white-blue-outside-65-96_batch_2_pass_1.mp4.mp4.track000212.frame015333.jpg,blue,77,6
26,26,26,26,77,blue-white,23610,215,2,2.0,outside,65-96,/home/gsantiago/summer_bee_data/summer_bee_data/images/young-adults-white-blue-outside-65-96_batch_2_pass_2.mp4.mp4.track000215.frame023610.jpg,white,77,6
27,27,27,27,77,blue-white,23616,215,2,2.0,outside,65-96,/home/gsantiago/summer_bee_data/summer_bee_data/images/young-adults-white-blue-outside-65-96_batch_2_pass_2.mp4.mp4.track000215.frame023616.jpg,white,77,6
28,28,28,28,73,blue-yellow,10303,117,2,1.0,outside,65-96,/home/gsantiago/summer_bee_data/summer_bee_data/images/young-adults-white-blue-outside-65-96_batch_2_pass_1.mp4.mp4.track000117.frame010303.jpg,blue,73,7
29,29,29,29,73,blue-yellow,10152,116,2,1.0,outside,65-96,/home/gsantiago/summer_bee_data/summer_bee_data/images/young-adults-white-blue-outside-65-96_batch_2_pass_1.mp4.mp4.track000116.frame010152.jpg,blue,73,7
30,30,30,30,73,blue-yellow,17811,138,2,2.0,outside,65-96,/home/gsantiago/summer_bee_data/summer_bee_data/images/young-adults-white-blue-outside-65-96_batch_2_pass_2.mp4.mp4.track000138.frame017811.jpg,white,73,7
31,31,31,31,73,blue-yellow,11093,58,2,,in-lab,65-96,/home/gsantiago/summer_bee_data/summer_bee_data/images/young-adults-white-blue-in-lab-65-96_batch_2.mp4.mp4.track000058.frame011093.jpg,white,73,7
32,32,32,32,82,green-blue,29401,176,2,,in-lab,65-96,/home/gsantiago/summer_bee_data/summer_bee_data/images/young-adults-white-blue-in-lab-65-96_batch_2.mp4.mp4.track000176.frame029401.jpg,blue,82,8
33,33,33,33,82,green-blue,21998,306,2,1.0,outside,65-96,/home/gsantiago/summer_bee_data/summer_bee_data/images/young-adults-white-blue-outside-65-96_batch_2_pass_1.mp4.mp4.track000306.frame021998.jpg,blue,82,8
34,34,34,34,82,green-blue,21901,305,2,1.0,outside,65-96,/home/gsantiago/summer_bee_data/summer_bee_data/images/young-adults-white-blue-outside-65-96_batch_2_pass_1.mp4.mp4.track000305.frame021901.jpg,white,82,8
35,35,35,35,82,green-blue,21569,297,2,1.0,outside,65-96,/home/gsantiago/summer_bee_data/summer_bee_data/images/young-adults-white-blue-outside-65-96_batch_2_pass_1.mp4.mp4.track000297.frame021569.jpg,white,82,8
36,36,36,36,83,green-green,24014,333,2,1.0,outside,65-96,/home/gsantiago/summer_bee_data/summer_bee_data/images/young-adults-white-blue-outside-65-96_batch_2_pass_1.mp4.mp4.track000333.frame024014.jpg,blue,83,9
37,37,37,37,83,green-green,38061,202,2,,in-lab,65-96,/home/gsantiago/summer_bee_data/summer_bee_data/images/young-adults-white-blue-in-lab-65-96_batch_2.mp4.mp4.track000202.frame038061.jpg,blue,83,9
38,38,38,38,83,green-green,23586,326,2,1.0,outside,65-96,/home/gsantiago/summer_bee_data/summer_bee_data/images/young-adults-white-blue-outside-65-96_batch_2_pass_1.mp4.mp4.track000326.frame023586.jpg,white,83,9
39,39,39,39,83,green-green,34209,321,2,2.0,outside,65-96,/home/gsantiago/summer_bee_data/summer_bee_data/images/young-adults-white-blue-outside-65-96_batch_2_pass_2.mp4.mp4.track000321.frame034209.jpg,white,83,9
40,40,40,40,87,green-lillac,45404,224,2,,in-lab,65-96,/home/gsantiago/summer_bee_data/summer_bee_data/images/young-adults-white-blue-in-lab-65-96_batch_2.mp4.mp4.track000224.frame045404.jpg,blue,87,10
41,41,41,41,87,green-lillac,42603,395,2,2.0,outside,65-96,/home/gsantiago/summer_bee_data/summer_bee_data/images/young-adults-white-blue-outside-65-96_batch_2_pass_2.mp4.mp4.track000395.frame042603.jpg,blue,87,10
42,42,42,42,87,green-lillac,29099,400,2,1.0,outside,65-96,/home/gsantiago/summer_bee_data/summer_bee_data/images/young-adults-white-blue-outside-65-96_batch_2_pass_1.mp4.mp4.track000400.frame029099.jpg,white,87,10
43,43,43,43,87,green-lillac,29182,403,2,1.0,outside,65-96,/home/gsantiago/summer_bee_data/summer_bee_data/images/young-adults-white-blue-outside-65-96_batch_2_pass_1.mp4.mp4.track000403.frame029182.jpg,white,87,10
44,44,44,44,86,green-orange,28545,393,2,1.0,outside,65-96,/home/gsantiago/summer_bee_data/summer_bee_data/images/young-adults-white-blue-outside-65-96_batch_2_pass_1.mp4.mp4.track000393.frame028545.jpg,blue,86,11
45,45,45,45,86,green-orange,28494,391,2,1.0,outside,65-96,/home/gsantiago/summer_bee_data/summer_bee_data/images/young-adults-white-blue-outside-65-96_batch_2_pass_1.mp4.mp4.track000391.frame028494.jpg,blue,86,11
46,46,46,46,86,green-orange,40480,366,2,2.0,outside,65-96,/home/gsantiago/summer_bee_data/summer_bee_data/images/young-adults-white-blue-outside-65-96_batch_2_pass_2.mp4.mp4.track000366.frame040480.jpg,white,86,11
47,47,47,47,86,green-orange,27635,375,2,1.0,outside,65-96,/home/gsantiago/summer_bee_data/summer_bee_data/images/young-adults-white-blue-outside-65-96_batch_2_pass_1.mp4.mp4.track000375.frame027635.jpg,white,86,11
48,48,48,48,84,green-pink,24973,347,2,1.0,outside,65-96,/home/gsantiago/summer_bee_data/summer_bee_data/images/young-adults-white-blue-outside-65-96_batch_2_pass_1.mp4.mp4.track000347.frame024973.jpg,blue,84,12
49,49,49,49,84,green-pink,38321,343,2,2.0,outside,65-96,/home/gsantiago/summer_bee_data/summer_bee_data/images/young-adults-white-blue-outside-65-96_batch_2_pass_2.mp4.mp4.track000343.frame038321.jpg,blue,84,12
50,50,50,50,84,green-pink,35618,336,2,2.0,outside,65-96,/home/gsantiago/summer_bee_data/summer_bee_data/images/young-adults-white-blue-outside-65-96_batch_2_pass_2.mp4.mp4.track000336.frame035618.jpg,white,84,12
51,51,51,51,84,green-pink,35538,336,2,2.0,outside,65-96,/home/gsantiago/summer_bee_data/summer_bee_data/images/young-adults-white-blue-outside-65-96_batch_2_pass_2.mp4.mp4.track000336.frame035538.jpg,white,84,12
52,52,52,52,88,green-red,31046,417,2,1.0,outside,65-96,/home/gsantiago/summer_bee_data/summer_bee_data/images/young-adults-white-blue-outside-65-96_batch_2_pass_1.mp4.mp4.track000417.frame031046.jpg,blue,88,13
53,53,53,53,88,green-red,44412,420,2,2.0,outside,65-96,/home/gsantiago/summer_bee_data/summer_bee_data/images/young-adults-white-blue-outside-65-96_batch_2_pass_2.mp4.mp4.track000420.frame044412.jpg,blue,88,13
54,54,54,54,88,green-red,30675,412,2,1.0,outside,65-96,/home/gsantiago/summer_bee_data/summer_bee_data/images/young-adults-white-blue-outside-65-96_batch_2_pass_1.mp4.mp4.track000412.frame030675.jpg,white,88,13
55,55,55,55,88,green-red,43897,415,2,2.0,outside,65-96,/home/gsantiago/summer_bee_data/summer_bee_data/images/young-adults-white-blue-outside-65-96_batch_2_pass_2.mp4.mp4.track000415.frame043897.jpg,white,88,13
56,56,56,56,85,green-white,41962,210,2,,in-lab,65-96,/home/gsantiago/summer_bee_data/summer_bee_data/images/young-adults-white-blue-in-lab-65-96_batch_2.mp4.mp4.track000210.frame041962.jpg,blue,85,14
57,57,57,57,85,green-white,26289,360,2,1.0,outside,65-96,/home/gsantiago/summer_bee_data/summer_bee_data/images/young-adults-white-blue-outside-65-96_batch_2_pass_1.mp4.mp4.track000360.frame026289.jpg,blue,85,14
58,58,58,58,85,green-white,38735,345,2,2.0,outside,65-96,/home/gsantiago/summer_bee_data/summer_bee_data/images/young-adults-white-blue-outside-65-96_batch_2_pass_2.mp4.mp4.track000345.frame038735.jpg,white,85,14
59,59,59,59,85,green-white,26218,358,2,1.0,outside,65-96,/home/gsantiago/summer_bee_data/summer_bee_data/images/young-adults-white-blue-outside-65-96_batch_2_pass_1.mp4.mp4.track000358.frame026218.jpg,white,85,14
60,60,60,60,81,green-yellow,43336,525,2,1.0,outside,65-96,/home/gsantiago/summer_bee_data/summer_bee_data/images/young-adults-white-blue-outside-65-96_batch_2_pass_1.mp4.mp4.track000525.frame043336.jpg,blue,81,15
61,61,61,61,81,green-yellow,28956,172,2,,in-lab,65-96,/home/gsantiago/summer_bee_data/summer_bee_data/images/young-adults-white-blue-in-lab-65-96_batch_2.mp4.mp4.track000172.frame028956.jpg,blue,81,15
62,62,62,62,81,green-yellow,32182,184,2,,in-lab,65-96,/home/gsantiago/summer_bee_data/summer_bee_data/images/young-adults-white-blue-in-lab-65-96_batch_2.mp4.mp4.track000184.frame032182.jpg,white,81,15
63,63,63,63,81,green-yellow,28210,167,2,,in-lab,65-96,/home/gsantiago/summer_bee_data/summer_bee_data/images/young-adults-white-blue-in-lab-65-96_batch_2.mp4.mp4.track000167.frame028210.jpg,white,81,15
64,64,64,64,114,lillac-blue,29030,166,2,2.0,outside,97-128,/home/gsantiago/summer_bee_data/summer_bee_data/images/young-adults-white-blue-outside-97-128_batch_2_pass_2.mp4.mp4.track000166.frame029030.jpg,blue,114,16
65,65,65,65,114,lillac-blue,29019,166,2,2.0,outside,97-128,/home/gsantiago/summer_bee_data/summer_bee_data/images/young-adults-white-blue-outside-97-128_batch_2_pass_2.mp4.mp4.track000166.frame029019.jpg,blue,114,16
66,66,66,66,114,lillac-blue,28026,139,2,2.0,outside,97-128,/home/gsantiago/summer_bee_data/summer_bee_data/images/young-adults-white-blue-outside-97-128_batch_2_pass_2.mp4.mp4.track000139.frame028026.jpg,white,114,16
67,67,67,67,114,lillac-blue,28378,144,2,2.0,outside,97-128,/home/gsantiago/summer_bee_data/summer_bee_data/images/young-adults-white-blue-outside-97-128_batch_2_pass_2.mp4.mp4.track000144.frame028378.jpg,white,114,16
68,68,68,68,115,lillac-green,30424,171,2,2.0,outside,97-128,/home/gsantiago/summer_bee_data/summer_bee_data/images/young-adults-white-blue-outside-97-128_batch_2_pass_2.mp4.mp4.track000171.frame030424.jpg,blue,115,17
69,69,69,69,115,lillac-green,30292,169,2,2.0,outside,97-128,/home/gsantiago/summer_bee_data/summer_bee_data/images/young-adults-white-blue-outside-97-128_batch_2_pass_2.mp4.mp4.track000169.frame030292.jpg,blue,115,17
70,70,70,70,115,lillac-green,29855,168,2,2.0,outside,97-128,/home/gsantiago/summer_bee_data/summer_bee_data/images/young-adults-white-blue-outside-97-128_batch_2_pass_2.mp4.mp4.track000168.frame029855.jpg,white,115,17
71,71,71,71,115,lillac-green,29822,315,2,1.0,outside,97-128,/home/gsantiago/summer_bee_data/summer_bee_data/images/young-adults-white-blue-outside-97-128_batch_2_pass_1.mp4.mp4.track000315.frame029822.jpg,white,115,17
72,72,72,72,119,lillac-lillac,36940,391,2,1.0,outside,97-128,/home/gsantiago/summer_bee_data/summer_bee_data/images/young-adults-white-blue-outside-97-128_batch_2_pass_1.mp4.mp4.track000391.frame036940.jpg,blue,119,18
73,73,73,73,119,lillac-lillac,36608,382,2,1.0,outside,97-128,/home/gsantiago/summer_bee_data/summer_bee_data/images/young-adults-white-blue-outside-97-128_batch_2_pass_1.mp4.mp4.track000382.frame036608.jpg,blue,119,18
74,74,74,74,119,lillac-lillac,36014,373,2,1.0,outside,97-128,/home/gsantiago/summer_bee_data/summer_bee_data/images/young-adults-white-blue-outside-97-128_batch_2_pass_1.mp4.mp4.track000373.frame036014.jpg,white,119,18
75,75,75,75,119,lillac-lillac,35985,373,2,1.0,outside,97-128,/home/gsantiago/summer_bee_data/summer_bee_data/images/young-adults-white-blue-outside-97-128_batch_2_pass_1.mp4.mp4.track000373.frame035985.jpg,white,119,18
76,76,76,76,118,lillac-orange,34997,206,2,2.0,outside,97-128,/home/gsantiago/summer_bee_data/summer_bee_data/images/young-adults-white-blue-outside-97-128_batch_2_pass_2.mp4.mp4.track000206.frame034997.jpg,blue,118,19
77,77,77,77,118,lillac-orange,34902,204,2,2.0,outside,97-128,/home/gsantiago/summer_bee_data/summer_bee_data/images/young-adults-white-blue-outside-97-128_batch_2_pass_2.mp4.mp4.track000204.frame034902.jpg,blue,118,19
78,78,78,78,118,lillac-orange,33076,186,2,2.0,outside,97-128,/home/gsantiago/summer_bee_data/summer_bee_data/images/young-adults-white-blue-outside-97-128_batch_2_pass_2.mp4.mp4.track000186.frame033076.jpg,white,118,19
79,79,79,79,118,lillac-orange,33995,357,2,1.0,outside,97-128,/home/gsantiago/summer_bee_data/summer_bee_data/images/young-adults-white-blue-outside-97-128_batch_2_pass_1.mp4.mp4.track000357.frame033995.jpg,white,118,19
80,80,80,80,116,lillac-pink,31491,175,2,2.0,outside,97-128,/home/gsantiago/summer_bee_data/summer_bee_data/images/young-adults-white-blue-outside-97-128_batch_2_pass_2.mp4.mp4.track000175.frame031491.jpg,blue,116,20
81,81,81,81,116,lillac-pink,31532,175,2,2.0,outside,97-128,/home/gsantiago/summer_bee_data/summer_bee_data/images/young-adults-white-blue-outside-97-128_batch_2_pass_2.mp4.mp4.track000175.frame031532.jpg,blue,116,20
82,82,82,82,116,lillac-pink,31086,325,2,1.0,outside,97-128,/home/gsantiago/summer_bee_data/summer_bee_data/images/young-adults-white-blue-outside-97-128_batch_2_pass_1.mp4.mp4.track000325.frame031086.jpg,white,116,20
83,83,83,83,116,lillac-pink,31271,326,2,1.0,outside,97-128,/home/gsantiago/summer_bee_data/summer_bee_data/images/young-adults-white-blue-outside-97-128_batch_2_pass_1.mp4.mp4.track000326.frame031271.jpg,white,116,20
84,84,84,84,120,lillac-red,37015,214,2,2.0,outside,97-128,/home/gsantiago/summer_bee_data/summer_bee_data/images/young-adults-white-blue-outside-97-128_batch_2_pass_2.mp4.mp4.track000214.frame037015.jpg,blue,120,21
85,85,85,85,120,lillac-red,37065,214,2,2.0,outside,97-128,/home/gsantiago/summer_bee_data/summer_bee_data/images/young-adults-white-blue-outside-97-128_batch_2_pass_2.mp4.mp4.track000214.frame037065.jpg,blue,120,21
86,86,86,86,120,lillac-red,37440,397,2,1.0,outside,97-128,/home/gsantiago/summer_bee_data/summer_bee_data/images/young-adults-white-blue-outside-97-128_batch_2_pass_1.mp4.mp4.track000397.frame037440.jpg,white,120,21
87,87,87,87,120,lillac-red,36546,212,2,2.0,outside,97-128,/home/gsantiago/summer_bee_data/summer_bee_data/images/young-adults-white-blue-outside-97-128_batch_2_pass_2.mp4.mp4.track000212.frame036546.jpg,white,120,21
88,88,88,88,117,lillac-white,32062,177,2,2.0,outside,97-128,/home/gsantiago/summer_bee_data/summer_bee_data/images/young-adults-white-blue-outside-97-128_batch_2_pass_2.mp4.mp4.track000177.frame032062.jpg,blue,117,22
89,89,89,89,117,lillac-white,33402,353,2,1.0,outside,97-128,/home/gsantiago/summer_bee_data/summer_bee_data/images/young-adults-white-blue-outside-97-128_batch_2_pass_1.mp4.mp4.track000353.frame033402.jpg,blue,117,22
90,90,90,90,117,lillac-white,32063,177,2,2.0,outside,97-128,/home/gsantiago/summer_bee_data/summer_bee_data/images/young-adults-white-blue-outside-97-128_batch_2_pass_2.mp4.mp4.track000177.frame032063.jpg,white,117,22
91,91,91,91,117,lillac-white,32831,342,2,1.0,outside,97-128,/home/gsantiago/summer_bee_data/summer_bee_data/images/young-adults-white-blue-outside-97-128_batch_2_pass_1.mp4.mp4.track000342.frame032831.jpg,white,117,22
92,92,92,92,113,lillac-yellow,27196,267,2,1.0,outside,97-128,/home/gsantiago/summer_bee_data/summer_bee_data/images/young-adults-white-blue-outside-97-128_batch_2_pass_1.mp4.mp4.track000267.frame027196.jpg,blue,113,23
93,93,93,93,113,lillac-yellow,25847,114,2,2.0,outside,97-128,/home/gsantiago/summer_bee_data/summer_bee_data/images/young-adults-white-blue-outside-97-128_batch_2_pass_2.mp4.mp4.track000114.frame025847.jpg,blue,113,23
94,94,94,94,113,lillac-yellow,26485,264,2,1.0,outside,97-128,/home/gsantiago/summer_bee_data/summer_bee_data/images/young-adults-white-blue-outside-97-128_batch_2_pass_1.mp4.mp4.track000264.frame026485.jpg,white,113,23
95,95,95,95,113,lillac-yellow,26476,264,2,1.0,outside,97-128,/home/gsantiago/summer_bee_data/summer_bee_data/images/young-adults-white-blue-outside-97-128_batch_2_pass_1.mp4.mp4.track000264.frame026476.jpg,white,113,23
96,96,96,96,106,orange-blue,16165,66,2,2.0,outside,97-128,/home/gsantiago/summer_bee_data/summer_bee_data/images/young-adults-white-blue-outside-97-128_batch_2_pass_2.mp4.mp4.track000066.frame016165.jpg,blue,106,24
97,97,97,97,106,orange-blue,16427,170,2,1.0,outside,97-128,/home/gsantiago/summer_bee_data/summer_bee_data/images/young-adults-white-blue-outside-97-128_batch_2_pass_1.mp4.mp4.track000170.frame016427.jpg,blue,106,24
98,98,98,98,106,orange-blue,15687,162,2,1.0,outside,97-128,/home/gsantiago/summer_bee_data/summer_bee_data/images/young-adults-white-blue-outside-97-128_batch_2_pass_1.mp4.mp4.track000162.frame015687.jpg,white,106,24
99,99,99,99,106,orange-blue,14558,54,2,2.0,outside,97-128,/home/gsantiago/summer_bee_data/summer_bee_data/images/young-adults-white-blue-outside-97-128_batch_2_pass_2.mp4.mp4.track000054.frame014558.jpg,white,106,24
100,100,100,100,107,orange-green,17542,77,2,2.0,outside,97-128,/home/gsantiago/summer_bee_data/summer_bee_data/images/young-adults-white-blue-outside-97-128_batch_2_pass_2.mp4.mp4.track000077.frame017542.jpg,blue,107,25
101,101,101,101,107,orange-green,18540,186,2,1.0,outside,97-128,/home/gsantiago/summer_bee_data/summer_bee_data/images/young-adults-white-blue-outside-97-128_batch_2_pass_1.mp4.mp4.track000186.frame018540.jpg,blue,107,25
102,102,102,102,107,orange-green,17260,74,2,2.0,outside,97-128,/home/gsantiago/summer_bee_data/summer_bee_data/images/young-adults-white-blue-outside-97-128_batch_2_pass_2.mp4.mp4.track000074.frame017260.jpg,white,107,25
103,103,103,103,107,orange-green,17496,180,2,1.0,outside,97-128,/home/gsantiago/summer_bee_data/summer_bee_data/images/young-adults-white-blue-outside-97-128_batch_2_pass_1.mp4.mp4.track000180.frame017496.jpg,white,107,25
104,104,104,104,111,orange-lillac,24169,238,2,1.0,outside,97-128,/home/gsantiago/summer_bee_data/summer_bee_data/images/young-adults-white-blue-outside-97-128_batch_2_pass_1.mp4.mp4.track000238.frame024169.jpg,blue,111,26
105,105,105,105,111,orange-lillac,23003,99,2,2.0,outside,97-128,/home/gsantiago/summer_bee_data/summer_bee_data/images/young-adults-white-blue-outside-97-128_batch_2_pass_2.mp4.mp4.track000099.frame023003.jpg,blue,111,26
106,106,106,106,111,orange-lillac,22553,95,2,2.0,outside,97-128,/home/gsantiago/summer_bee_data/summer_bee_data/images/young-adults-white-blue-outside-97-128_batch_2_pass_2.mp4.mp4.track000095.frame022553.jpg,white,111,26
107,107,107,107,111,orange-lillac,23651,232,2,1.0,outside,97-128,/home/gsantiago/summer_bee_data/summer_bee_data/images/young-adults-white-blue-outside-97-128_batch_2_pass_1.mp4.mp4.track000232.frame023651.jpg,white,111,26
108,108,108,108,110,orange-orange,22415,224,2,1.0,outside,97-128,/home/gsantiago/summer_bee_data/summer_bee_data/images/young-adults-white-blue-outside-97-128_batch_2_pass_1.mp4.mp4.track000224.frame022415.jpg,blue,110,27
109,109,109,109,110,orange-orange,21599,91,2,2.0,outside,97-128,/home/gsantiago/summer_bee_data/summer_bee_data/images/young-adults-white-blue-outside-97-128_batch_2_pass_2.mp4.mp4.track000091.frame021599.jpg,blue,110,27
110,110,110,110,110,orange-orange,21113,89,2,2.0,outside,97-128,/home/gsantiago/summer_bee_data/summer_bee_data/images/young-adults-white-blue-outside-97-128_batch_2_pass_2.mp4.mp4.track000089.frame021113.jpg,white,110,27
111,111,111,111,110,orange-orange,21386,90,2,2.0,outside,97-128,/home/gsantiago/summer_bee_data/summer_bee_data/images/young-adults-white-blue-outside-97-128_batch_2_pass_2.mp4.mp4.track000090.frame021386.jpg,white,110,27
112,112,112,112,108,orange-pink,20239,198,2,1.0,outside,97-128,/home/gsantiago/summer_bee_data/summer_bee_data/images/young-adults-white-blue-outside-97-128_batch_2_pass_1.mp4.mp4.track000198.frame020239.jpg,blue,108,28
113,113,113,113,108,orange-pink,20395,200,2,1.0,outside,97-128,/home/gsantiago/summer_bee_data/summer_bee_data/images/young-adults-white-blue-outside-97-128_batch_2_pass_1.mp4.mp4.track000200.frame020395.jpg,blue,108,28
114,114,114,114,108,orange-pink,19131,197,2,1.0,outside,97-128,/home/gsantiago/summer_bee_data/summer_bee_data/images/young-adults-white-blue-outside-97-128_batch_2_pass_1.mp4.mp4.track000197.frame019131.jpg,white,108,28
115,115,115,115,108,orange-pink,20036,197,2,1.0,outside,97-128,/home/gsantiago/summer_bee_data/summer_bee_data/images/young-adults-white-blue-outside-97-128_batch_2_pass_1.mp4.mp4.track000197.frame020036.jpg,white,108,28
116,116,116,116,112,orange-red,25932,260,2,1.0,outside,97-128,/home/gsantiago/summer_bee_data/summer_bee_data/images/young-adults-white-blue-outside-97-128_batch_2_pass_1.mp4.mp4.track000260.frame025932.jpg,blue,112,29
117,117,117,117,112,orange-red,25935,260,2,1.0,outside,97-128,/home/gsantiago/summer_bee_data/summer_bee_data/images/young-adults-white-blue-outside-97-128_batch_2_pass_1.mp4.mp4.track000260.frame025935.jpg,blue,112,29
118,118,118,118,112,orange-red,25250,248,2,1.0,outside,97-128,/home/gsantiago/summer_bee_data/summer_bee_data/images/young-adults-white-blue-outside-97-128_batch_2_pass_1.mp4.mp4.track000248.frame025250.jpg,white,112,29
119,119,119,119,112,orange-red,23989,103,2,2.0,outside,97-128,/home/gsantiago/summer_bee_data/summer_bee_data/images/young-adults-white-blue-outside-97-128_batch_2_pass_2.mp4.mp4.track000103.frame023989.jpg,white,112,29
120,120,120,120,109,orange-white,20665,87,2,2.0,outside,97-128,/home/gsantiago/summer_bee_data/summer_bee_data/images/young-adults-white-blue-outside-97-128_batch_2_pass_2.mp4.mp4.track000087.frame020665.jpg,blue,109,30
121,121,121,121,109,orange-white,20703,87,2,2.0,outside,97-128,/home/gsantiago/summer_bee_data/summer_bee_data/images/young-adults-white-blue-outside-97-128_batch_2_pass_2.mp4.mp4.track000087.frame020703.jpg,blue,109,30
122,122,122,122,109,orange-white,19557,84,2,2.0,outside,97-128,/home/gsantiago/summer_bee_data/summer_bee_data/images/young-adults-white-blue-outside-97-128_batch_2_pass_2.mp4.mp4.track000084.frame019557.jpg,white,109,30
123,123,123,123,109,orange-white,19769,84,2,2.0,outside,97-128,/home/gsantiago/summer_bee_data/summer_bee_data/images/young-adults-white-blue-outside-97-128_batch_2_pass_2.mp4.mp4.track000084.frame019769.jpg,white,109,30
124,124,124,124,105,orange-yellow,13914,52,2,2.0,outside,97-128,/home/gsantiago/summer_bee_data/summer_bee_data/images/young-adults-white-blue-outside-97-128_batch_2_pass_2.mp4.mp4.track000052.frame013914.jpg,blue,105,31
125,125,125,125,105,orange-yellow,14105,52,2,2.0,outside,97-128,/home/gsantiago/summer_bee_data/summer_bee_data/images/young-adults-white-blue-outside-97-128_batch_2_pass_2.mp4.mp4.track000052.frame014105.jpg,blue,105,31
126,126,126,126,105,orange-yellow,14540,154,2,1.0,outside,97-128,/home/gsantiago/summer_bee_data/summer_bee_data/images/young-adults-white-blue-outside-97-128_batch_2_pass_1.mp4.mp4.track000154.frame014540.jpg,white,105,31
127,127,127,127,105,orange-yellow,14385,151,2,1.0,outside,97-128,/home/gsantiago/summer_bee_data/summer_bee_data/images/young-adults-white-blue-outside-97-128_batch_2_pass_1.mp4.mp4.track000151.frame014385.jpg,white,105,31
128,128,128,128,90,pink-blue,32816,439,2,1.0,outside,65-96,/home/gsantiago/summer_bee_data/summer_bee_data/images/young-adults-white-blue-outside-65-96_batch_2_pass_1.mp4.mp4.track000439.frame032816.jpg,blue,90,32
129,129,129,129,90,pink-blue,48349,473,2,2.0,outside,65-96,/home/gsantiago/summer_bee_data/summer_bee_data/images/young-adults-white-blue-outside-65-96_batch_2_pass_2.mp4.mp4.track000473.frame048349.jpg,blue,90,32
130,130,130,130,90,pink-blue,47875,462,2,2.0,outside,65-96,/home/gsantiago/summer_bee_data/summer_bee_data/images/young-adults-white-blue-outside-65-96_batch_2_pass_2.mp4.mp4.track000462.frame047875.jpg,white,90,32
131,131,131,131,90,pink-blue,32547,432,2,1.0,outside,65-96,/home/gsantiago/summer_bee_data/summer_bee_data/images/young-adults-white-blue-outside-65-96_batch_2_pass_1.mp4.mp4.track000432.frame032547.jpg,white,90,32
132,132,132,132,91,pink-green,50872,511,2,2.0,outside,65-96,/home/gsantiago/summer_bee_data/summer_bee_data/images/young-adults-white-blue-outside-65-96_batch_2_pass_2.mp4.mp4.track000511.frame050872.jpg,blue,91,33
133,133,133,133,91,pink-green,51499,520,2,2.0,outside,65-96,/home/gsantiago/summer_bee_data/summer_bee_data/images/young-adults-white-blue-outside-65-96_batch_2_pass_2.mp4.mp4.track000520.frame051499.jpg,blue,91,33
134,134,134,134,91,pink-green,49982,498,2,2.0,outside,65-96,/home/gsantiago/summer_bee_data/summer_bee_data/images/young-adults-white-blue-outside-65-96_batch_2_pass_2.mp4.mp4.track000498.frame049982.jpg,white,91,33
135,135,135,135,91,pink-green,50589,507,2,2.0,outside,65-96,/home/gsantiago/summer_bee_data/summer_bee_data/images/young-adults-white-blue-outside-65-96_batch_2_pass_2.mp4.mp4.track000507.frame050589.jpg,white,91,33
136,136,136,136,95,pink-lillac,59821,581,2,2.0,outside,65-96,/home/gsantiago/summer_bee_data/summer_bee_data/images/young-adults-white-blue-outside-65-96_batch_2_pass_2.mp4.mp4.track000581.frame059821.jpg,blue,95,34
137,137,137,137,95,pink-lillac,59473,576,2,2.0,outside,65-96,/home/gsantiago/summer_bee_data/summer_bee_data/images/young-adults-white-blue-outside-65-96_batch_2_pass_2.mp4.mp4.track000576.frame059473.jpg,blue,95,34
138,138,138,138,95,pink-lillac,59114,569,2,2.0,outside,65-96,/home/gsantiago/summer_bee_data/summer_bee_data/images/young-adults-white-blue-outside-65-96_batch_2_pass_2.mp4.mp4.track000569.frame059114.jpg,white,95,34
139,139,139,139,95,pink-lillac,59106,569,2,2.0,outside,65-96,/home/gsantiago/summer_bee_data/summer_bee_data/images/young-adults-white-blue-outside-65-96_batch_2_pass_2.mp4.mp4.track000569.frame059106.jpg,white,95,34
140,140,140,140,94,pink-orange,37428,475,2,1.0,outside,65-96,/home/gsantiago/summer_bee_data/summer_bee_data/images/young-adults-white-blue-outside-65-96_batch_2_pass_1.mp4.mp4.track000475.frame037428.jpg,blue,94,35
141,141,141,141,94,pink-orange,45265,436,2,2.0,outside,65-96,/home/gsantiago/summer_bee_data/summer_bee_data/images/young-adults-white-blue-outside-65-96_batch_2_pass_2.mp4.mp4.track000436.frame045265.jpg,blue,94,35
142,142,142,142,94,pink-orange,31657,425,2,1.0,outside,65-96,/home/gsantiago/summer_bee_data/summer_bee_data/images/young-adults-white-blue-outside-65-96_batch_2_pass_1.mp4.mp4.track000425.frame031657.jpg,white,94,35
143,143,143,143,94,pink-orange,57258,556,2,2.0,outside,65-96,/home/gsantiago/summer_bee_data/summer_bee_data/images/young-adults-white-blue-outside-65-96_batch_2_pass_2.mp4.mp4.track000556.frame057258.jpg,white,94,35
144,144,144,144,92,pink-pink,35293,456,2,1.0,outside,65-96,/home/gsantiago/summer_bee_data/summer_bee_data/images/young-adults-white-blue-outside-65-96_batch_2_pass_1.mp4.mp4.track000456.frame035293.jpg,blue,92,36
145,145,145,145,92,pink-pink,54385,535,2,2.0,outside,65-96,/home/gsantiago/summer_bee_data/summer_bee_data/images/young-adults-white-blue-outside-65-96_batch_2_pass_2.mp4.mp4.track000535.frame054385.jpg,blue,92,36
146,146,146,146,92,pink-pink,52546,238,2,,in-lab,65-96,/home/gsantiago/summer_bee_data/summer_bee_data/images/young-adults-white-blue-in-lab-65-96_batch_2.mp4.mp4.track000238.frame052546.jpg,white,92,36
147,147,147,147,92,pink-pink,52685,238,2,,in-lab,65-96,/home/gsantiago/summer_bee_data/summer_bee_data/images/young-adults-white-blue-in-lab-65-96_batch_2.mp4.mp4.track000238.frame052685.jpg,white,92,36
148,148,148,148,96,pink-red,41673,517,2,1.0,outside,65-96,/home/gsantiago/summer_bee_data/summer_bee_data/images/young-adults-white-blue-outside-65-96_batch_2_pass_1.mp4.mp4.track000517.frame041673.jpg,blue,96,37
149,149,149,149,96,pink-red,42308,518,2,1.0,outside,65-96,/home/gsantiago/summer_bee_data/summer_bee_data/images/young-adults-white-blue-outside-65-96_batch_2_pass_1.mp4.mp4.track000518.frame042308.jpg,blue,96,37
150,150,150,150,96,pink-red,40218,507,2,1.0,outside,65-96,/home/gsantiago/summer_bee_data/summer_bee_data/images/young-adults-white-blue-outside-65-96_batch_2_pass_1.mp4.mp4.track000507.frame040218.jpg,white,96,37
151,151,151,151,96,pink-red,61383,591,2,2.0,outside,65-96,/home/gsantiago/summer_bee_data/summer_bee_data/images/young-adults-white-blue-outside-65-96_batch_2_pass_2.mp4.mp4.track000591.frame061383.jpg,white,96,37
152,152,152,152,93,pink-white,56057,545,2,2.0,outside,65-96,/home/gsantiago/summer_bee_data/summer_bee_data/images/young-adults-white-blue-outside-65-96_batch_2_pass_2.mp4.mp4.track000545.frame056057.jpg,blue,93,38
153,153,153,153,93,pink-white,56101,254,2,,in-lab,65-96,/home/gsantiago/summer_bee_data/summer_bee_data/images/young-adults-white-blue-in-lab-65-96_batch_2.mp4.mp4.track000254.frame056101.jpg,blue,93,38
154,154,154,154,93,pink-white,54254,240,2,,in-lab,65-96,/home/gsantiago/summer_bee_data/summer_bee_data/images/young-adults-white-blue-in-lab-65-96_batch_2.mp4.mp4.track000240.frame054254.jpg,white,93,38
155,155,155,155,93,pink-white,55416,541,2,2.0,outside,65-96,/home/gsantiago/summer_bee_data/summer_bee_data/images/young-adults-white-blue-outside-65-96_batch_2_pass_2.mp4.mp4.track000541.frame055416.jpg,white,93,38
156,156,156,156,89,pink-yellow,48153,230,2,,in-lab,65-96,/home/gsantiago/summer_bee_data/summer_bee_data/images/young-adults-white-blue-in-lab-65-96_batch_2.mp4.mp4.track000230.frame048153.jpg,blue,89,39
157,157,157,157,89,pink-yellow,48263,230,2,,in-lab,65-96,/home/gsantiago/summer_bee_data/summer_bee_data/images/young-adults-white-blue-in-lab-65-96_batch_2.mp4.mp4.track000230.frame048263.jpg,blue,89,39
158,158,158,158,89,pink-yellow,47870,229,2,,in-lab,65-96,/home/gsantiago/summer_bee_data/summer_bee_data/images/young-adults-white-blue-in-lab-65-96_batch_2.mp4.mp4.track000229.frame047870.jpg,white,89,39
159,159,159,159,89,pink-yellow,47907,229,2,,in-lab,65-96,/home/gsantiago/summer_bee_data/summer_bee_data/images/young-adults-white-blue-in-lab-65-96_batch_2.mp4.mp4.track000229.frame047907.jpg,white,89,39
160,160,160,160,122,red-blue,43248,431,2,1.0,outside,97-128,/home/gsantiago/summer_bee_data/summer_bee_data/images/young-adults-white-blue-outside-97-128_batch_2_pass_1.mp4.mp4.track000431.frame043248.jpg,blue,122,40
161,161,161,161,122,red-blue,39418,227,2,2.0,outside,97-128,/home/gsantiago/summer_bee_data/summer_bee_data/images/young-adults-white-blue-outside-97-128_batch_2_pass_2.mp4.mp4.track000227.frame039418.jpg,blue,122,40
162,162,162,162,122,red-blue,41767,425,2,1.0,outside,97-128,/home/gsantiago/summer_bee_data/summer_bee_data/images/young-adults-white-blue-outside-97-128_batch_2_pass_1.mp4.mp4.track000425.frame041767.jpg,white,122,40
163,163,163,163,122,red-blue,38731,222,2,2.0,outside,97-128,/home/gsantiago/summer_bee_data/summer_bee_data/images/young-adults-white-blue-outside-97-128_batch_2_pass_2.mp4.mp4.track000222.frame038731.jpg,white,122,40
164,164,164,164,123,red-green,44379,446,2,1.0,outside,97-128,/home/gsantiago/summer_bee_data/summer_bee_data/images/young-adults-white-blue-outside-97-128_batch_2_pass_1.mp4.mp4.track000446.frame044379.jpg,blue,123,41
165,165,165,165,123,red-green,44111,443,2,1.0,outside,97-128,/home/gsantiago/summer_bee_data/summer_bee_data/images/young-adults-white-blue-outside-97-128_batch_2_pass_1.mp4.mp4.track000443.frame044111.jpg,blue,123,41
166,166,166,166,123,red-green,40418,232,2,2.0,outside,97-128,/home/gsantiago/summer_bee_data/summer_bee_data/images/young-adults-white-blue-outside-97-128_batch_2_pass_2.mp4.mp4.track000232.frame040418.jpg,white,123,41
167,167,167,167,123,red-green,40391,232,2,2.0,outside,97-128,/home/gsantiago/summer_bee_data/summer_bee_data/images/young-adults-white-blue-outside-97-128_batch_2_pass_2.mp4.mp4.track000232.frame040391.jpg,white,123,41
168,168,168,168,127,red-lillac,45686,249,2,2.0,outside,97-128,/home/gsantiago/summer_bee_data/summer_bee_data/images/young-adults-white-blue-outside-97-128_batch_2_pass_2.mp4.mp4.track000249.frame045686.jpg,blue,127,42
169,169,169,169,127,red-lillac,45653,249,2,2.0,outside,97-128,/home/gsantiago/summer_bee_data/summer_bee_data/images/young-adults-white-blue-outside-97-128_batch_2_pass_2.mp4.mp4.track000249.frame045653.jpg,blue,127,42
170,170,170,170,127,red-lillac,51117,498,2,1.0,outside,97-128,/home/gsantiago/summer_bee_data/summer_bee_data/images/young-adults-white-blue-outside-97-128_batch_2_pass_1.mp4.mp4.track000498.frame051117.jpg,white,127,42
171,171,171,171,127,red-lillac,45404,249,2,2.0,outside,97-128,/home/gsantiago/summer_bee_data/summer_bee_data/images/young-adults-white-blue-outside-97-128_batch_2_pass_2.mp4.mp4.track000249.frame045404.jpg,white,127,42
172,172,172,172,126,red-orange,44545,246,2,2.0,outside,97-128,/home/gsantiago/summer_bee_data/summer_bee_data/images/young-adults-white-blue-outside-97-128_batch_2_pass_2.mp4.mp4.track000246.frame044545.jpg,blue,126,43
173,173,173,173,126,red-orange,44942,248,2,2.0,outside,97-128,/home/gsantiago/summer_bee_data/summer_bee_data/images/young-adults-white-blue-outside-97-128_batch_2_pass_2.mp4.mp4.track000248.frame044942.jpg,blue,126,43
174,174,174,174,126,red-orange,44179,246,2,2.0,outside,97-128,/home/gsantiago/summer_bee_data/summer_bee_data/images/young-adults-white-blue-outside-97-128_batch_2_pass_2.mp4.mp4.track000246.frame044179.jpg,white,126,43
175,175,175,175,126,red-orange,44302,246,2,2.0,outside,97-128,/home/gsantiago/summer_bee_data/summer_bee_data/images/young-adults-white-blue-outside-97-128_batch_2_pass_2.mp4.mp4.track000246.frame044302.jpg,white,126,43
176,176,176,176,124,red-pink,41941,239,2,2.0,outside,97-128,/home/gsantiago/summer_bee_data/summer_bee_data/images/young-adults-white-blue-outside-97-128_batch_2_pass_2.mp4.mp4.track000239.frame041941.jpg,blue,124,44
177,177,177,177,124,red-pink,41899,239,2,2.0,outside,97-128,/home/gsantiago/summer_bee_data/summer_bee_data/images/young-adults-white-blue-outside-97-128_batch_2_pass_2.mp4.mp4.track000239.frame041899.jpg,blue,124,44
178,178,178,178,124,red-pink,45833,459,2,1.0,outside,97-128,/home/gsantiago/summer_bee_data/summer_bee_data/images/young-adults-white-blue-outside-97-128_batch_2_pass_1.mp4.mp4.track000459.frame045833.jpg,white,124,44
179,179,179,179,124,red-pink,45715,459,2,1.0,outside,97-128,/home/gsantiago/summer_bee_data/summer_bee_data/images/young-adults-white-blue-outside-97-128_batch_2_pass_1.mp4.mp4.track000459.frame045715.jpg,white,124,44
180,180,180,180,128,red-red,46549,254,2,2.0,outside,97-128,/home/gsantiago/summer_bee_data/summer_bee_data/images/young-adults-white-blue-outside-97-128_batch_2_pass_2.mp4.mp4.track000254.frame046549.jpg,blue,128,45
181,181,181,181,128,red-red,53290,507,2,1.0,outside,97-128,/home/gsantiago/summer_bee_data/summer_bee_data/images/young-adults-white-blue-outside-97-128_batch_2_pass_1.mp4.mp4.track000507.frame053290.jpg,blue,128,45
182,182,182,182,128,red-red,52759,504,2,1.0,outside,97-128,/home/gsantiago/summer_bee_data/summer_bee_data/images/young-adults-white-blue-outside-97-128_batch_2_pass_1.mp4.mp4.track000504.frame052759.jpg,white,128,45
183,183,183,183,128,red-red,52874,504,2,1.0,outside,97-128,/home/gsantiago/summer_bee_data/summer_bee_data/images/young-adults-white-blue-outside-97-128_batch_2_pass_1.mp4.mp4.track000504.frame052874.jpg,white,128,45
184,184,184,184,125,red-white,43686,245,2,2.0,outside,97-128,/home/gsantiago/summer_bee_data/summer_bee_data/images/young-adults-white-blue-outside-97-128_batch_2_pass_2.mp4.mp4.track000245.frame043686.jpg,blue,125,46
185,185,185,185,125,red-white,47616,473,2,1.0,outside,97-128,/home/gsantiago/summer_bee_data/summer_bee_data/images/young-adults-white-blue-outside-97-128_batch_2_pass_1.mp4.mp4.track000473.frame047616.jpg,blue,125,46
186,186,186,186,125,red-white,47448,472,2,1.0,outside,97-128,/home/gsantiago/summer_bee_data/summer_bee_data/images/young-adults-white-blue-outside-97-128_batch_2_pass_1.mp4.mp4.track000472.frame047448.jpg,white,125,46
187,187,187,187,125,red-white,42912,240,2,2.0,outside,97-128,/home/gsantiago/summer_bee_data/summer_bee_data/images/young-adults-white-blue-outside-97-128_batch_2_pass_2.mp4.mp4.track000240.frame042912.jpg,white,125,46
188,188,188,188,121,red-yellow,37720,218,2,2.0,outside,97-128,/home/gsantiago/summer_bee_data/summer_bee_data/images/young-adults-white-blue-outside-97-128_batch_2_pass_2.mp4.mp4.track000218.frame037720.jpg,blue,121,47
189,189,189,189,121,red-yellow,40145,411,2,1.0,outside,97-128,/home/gsantiago/summer_bee_data/summer_bee_data/images/young-adults-white-blue-outside-97-128_batch_2_pass_1.mp4.mp4.track000411.frame040145.jpg,blue,121,47
190,190,190,190,121,red-yellow,37447,215,2,2.0,outside,97-128,/home/gsantiago/summer_bee_data/summer_bee_data/images/young-adults-white-blue-outside-97-128_batch_2_pass_2.mp4.mp4.track000215.frame037447.jpg,white,121,47
191,191,191,191,121,red-yellow,50022,488,2,1.0,outside,97-128,/home/gsantiago/summer_bee_data/summer_bee_data/images/young-adults-white-blue-outside-97-128_batch_2_pass_1.mp4.mp4.track000488.frame050022.jpg,white,121,47
192,192,192,192,98,white-blue,4756,14,2,2.0,outside,97-128,/home/gsantiago/summer_bee_data/summer_bee_data/images/young-adults-white-blue-outside-97-128_batch_2_pass_2.mp4.mp4.track000014.frame004756.jpg,blue,98,48
193,193,193,193,98,white-blue,4688,14,2,2.0,outside,97-128,/home/gsantiago/summer_bee_data/summer_bee_data/images/young-adults-white-blue-outside-97-128_batch_2_pass_2.mp4.mp4.track000014.frame004688.jpg,blue,98,48
194,194,194,194,98,white-blue,1989,15,2,1.0,outside,97-128,/home/gsantiago/summer_bee_data/summer_bee_data/images/young-adults-white-blue-outside-97-128_batch_2_pass_1.mp4.mp4.track000015.frame001989.jpg,white,98,48
195,195,195,195,98,white-blue,4228,10,2,2.0,outside,97-128,/home/gsantiago/summer_bee_data/summer_bee_data/images/young-adults-white-blue-outside-97-128_batch_2_pass_2.mp4.mp4.track000010.frame004228.jpg,white,98,48
196,196,196,196,99,white-green,4186,54,2,1.0,outside,97-128,/home/gsantiago/summer_bee_data/summer_bee_data/images/young-adults-white-blue-outside-97-128_batch_2_pass_1.mp4.mp4.track000054.frame004186.jpg,blue,99,49
197,197,197,197,99,white-green,6370,21,2,2.0,outside,97-128,/home/gsantiago/summer_bee_data/summer_bee_data/images/young-adults-white-blue-outside-97-128_batch_2_pass_2.mp4.mp4.track000021.frame006370.jpg,blue,99,49
198,198,198,198,99,white-green,5555,15,2,2.0,outside,97-128,/home/gsantiago/summer_bee_data/summer_bee_data/images/young-adults-white-blue-outside-97-128_batch_2_pass_2.mp4.mp4.track000015.frame005555.jpg,white,99,49
199,199,199,199,99,white-green,5547,15,2,2.0,outside,97-128,/home/gsantiago/summer_bee_data/summer_bee_data/images/young-adults-white-blue-outside-97-128_batch_2_pass_2.mp4.mp4.track000015.frame005547.jpg,white,99,49
200,200,200,200,103,white-lillac,12698,130,2,1.0,outside,97-128,/home/gsantiago/summer_bee_data/summer_bee_data/images/young-adults-white-blue-outside-97-128_batch_2_pass_1.mp4.mp4.track000130.frame012698.jpg,blue,103,50
201,201,201,201,103,white-lillac,11311,40,2,2.0,outside,97-128,/home/gsantiago/summer_bee_data/summer_bee_data/images/young-adults-white-blue-outside-97-128_batch_2_pass_2.mp4.mp4.track000040.frame011311.jpg,blue,103,50
202,202,202,202,103,white-lillac,11308,40,2,2.0,outside,97-128,/home/gsantiago/summer_bee_data/summer_bee_data/images/young-adults-white-blue-outside-97-128_batch_2_pass_2.mp4.mp4.track000040.frame011308.jpg,blue,103,50
203,203,203,203,103,white-lillac,12683,130,2,1.0,outside,97-128,/home/gsantiago/summer_bee_data/summer_bee_data/images/young-adults-white-blue-outside-97-128_batch_2_pass_1.mp4.mp4.track000130.frame012683.jpg,blue,103,50
204,204,204,204,102,white-orange,11279,110,2,1.0,outside,97-128,/home/gsantiago/summer_bee_data/summer_bee_data/images/young-adults-white-blue-outside-97-128_batch_2_pass_1.mp4.mp4.track000110.frame011279.jpg,blue,102,51
205,205,205,205,102,white-orange,10213,35,2,2.0,outside,97-128,/home/gsantiago/summer_bee_data/summer_bee_data/images/young-adults-white-blue-outside-97-128_batch_2_pass_2.mp4.mp4.track000035.frame010213.jpg,blue,102,51
206,206,206,206,102,white-orange,10705,102,2,1.0,outside,97-128,/home/gsantiago/summer_bee_data/summer_bee_data/images/young-adults-white-blue-outside-97-128_batch_2_pass_1.mp4.mp4.track000102.frame010705.jpg,white,102,51
207,207,207,207,102,white-orange,9817,34,2,2.0,outside,97-128,/home/gsantiago/summer_bee_data/summer_bee_data/images/young-adults-white-blue-outside-97-128_batch_2_pass_2.mp4.mp4.track000034.frame009817.jpg,white,102,51
208,208,208,208,100,white-pink,7962,28,2,2.0,outside,97-128,/home/gsantiago/summer_bee_data/summer_bee_data/images/young-adults-white-blue-outside-97-128_batch_2_pass_2.mp4.mp4.track000028.frame007962.jpg,blue,100,52
209,209,209,209,100,white-pink,7792,68,2,1.0,outside,97-128,/home/gsantiago/summer_bee_data/summer_bee_data/images/young-adults-white-blue-outside-97-128_batch_2_pass_1.mp4.mp4.track000068.frame007792.jpg,blue,100,52
210,210,210,210,100,white-pink,7039,23,2,2.0,outside,97-128,/home/gsantiago/summer_bee_data/summer_bee_data/images/young-adults-white-blue-outside-97-128_batch_2_pass_2.mp4.mp4.track000023.frame007039.jpg,white,100,52
211,211,211,211,100,white-pink,7402,63,2,1.0,outside,97-128,/home/gsantiago/summer_bee_data/summer_bee_data/images/young-adults-white-blue-outside-97-128_batch_2_pass_1.mp4.mp4.track000063.frame007402.jpg,white,100,52
212,212,212,212,104,white-red,12909,48,2,2.0,outside,97-128,/home/gsantiago/summer_bee_data/summer_bee_data/images/young-adults-white-blue-outside-97-128_batch_2_pass_2.mp4.mp4.track000048.frame012909.jpg,blue,104,53
213,213,213,213,104,white-red,12899,48,2,2.0,outside,97-128,/home/gsantiago/summer_bee_data/summer_bee_data/images/young-adults-white-blue-outside-97-128_batch_2_pass_2.mp4.mp4.track000048.frame012899.jpg,blue,104,53
214,214,214,214,104,white-red,12576,47,2,2.0,outside,97-128,/home/gsantiago/summer_bee_data/summer_bee_data/images/young-adults-white-blue-outside-97-128_batch_2_pass_2.mp4.mp4.track000047.frame012576.jpg,white,104,53
215,215,215,215,104,white-red,12571,47,2,2.0,outside,97-128,/home/gsantiago/summer_bee_data/summer_bee_data/images/young-adults-white-blue-outside-97-128_batch_2_pass_2.mp4.mp4.track000047.frame012571.jpg,white,104,53
216,216,216,216,101,white-white,9088,31,2,2.0,outside,97-128,/home/gsantiago/summer_bee_data/summer_bee_data/images/young-adults-white-blue-outside-97-128_batch_2_pass_2.mp4.mp4.track000031.frame009088.jpg,blue,101,54
217,217,217,217,101,white-white,9653,89,2,1.0,outside,97-128,/home/gsantiago/summer_bee_data/summer_bee_data/images/young-adults-white-blue-outside-97-128_batch_2_pass_1.mp4.mp4.track000089.frame009653.jpg,blue,101,54
218,218,218,218,101,white-white,8927,81,2,1.0,outside,97-128,/home/gsantiago/summer_bee_data/summer_bee_data/images/young-adults-white-blue-outside-97-128_batch_2_pass_1.mp4.mp4.track000081.frame008927.jpg,white,101,54
219,219,219,219,101,white-white,9139,81,2,1.0,outside,97-128,/home/gsantiago/summer_bee_data/summer_bee_data/images/young-adults-white-blue-outside-97-128_batch_2_pass_1.mp4.mp4.track000081.frame009139.jpg,white,101,54
220,220,220,220,97,white-yellow,1132,6,2,1.0,outside,97-128,/home/gsantiago/summer_bee_data/summer_bee_data/images/young-adults-white-blue-outside-97-128_batch_2_pass_1.mp4.mp4.track000006.frame001132.jpg,blue,97,55
221,221,221,221,97,white-yellow,3178,2,2,2.0,outside,97-128,/home/gsantiago/summer_bee_data/summer_bee_data/images/young-adults-white-blue-outside-97-128_batch_2_pass_2.mp4.mp4.track000002.frame003178.jpg,blue,97,55
222,222,222,222,97,white-yellow,2759,0,2,2.0,outside,97-128,/home/gsantiago/summer_bee_data/summer_bee_data/images/young-adults-white-blue-outside-97-128_batch_2_pass_2.mp4.mp4.track000000.frame002759.jpg,white,97,55
223,223,223,223,97,white-yellow,619,1,2,1.0,outside,97-128,/home/gsantiago/summer_bee_data/summer_bee_data/images/young-adults-white-blue-outside-97-128_batch_2_pass_1.mp4.mp4.track000001.frame000619.jpg,white,97,55
224,224,224,224,66,yellow-blue,2064,6,2,,in-lab,65-96,/home/gsantiago/summer_bee_data/summer_bee_data/images/young-adults-white-blue-in-lab-65-96_batch_2.mp4.mp4.track000006.frame002064.jpg,blue,66,56
225,225,225,225,66,yellow-blue,5579,18,2,2.0,outside,65-96,/home/gsantiago/summer_bee_data/summer_bee_data/images/young-adults-white-blue-outside-65-96_batch_2_pass_2.mp4.mp4.track000018.frame005579.jpg,blue,66,56
226,226,226,226,66,yellow-blue,1751,21,2,1.0,outside,65-96,/home/gsantiago/summer_bee_data/summer_bee_data/images/young-adults-white-blue-outside-65-96_batch_2_pass_1.mp4.mp4.track000021.frame001751.jpg,white,66,56
227,227,227,227,66,yellow-blue,1784,21,2,1.0,outside,65-96,/home/gsantiago/summer_bee_data/summer_bee_data/images/young-adults-white-blue-outside-65-96_batch_2_pass_1.mp4.mp4.track000021.frame001784.jpg,white,66,56
228,228,228,228,67,yellow-green,3324,33,2,1.0,outside,65-96,/home/gsantiago/summer_bee_data/summer_bee_data/images/young-adults-white-blue-outside-65-96_batch_2_pass_1.mp4.mp4.track000033.frame003324.jpg,blue,67,57
229,229,229,229,67,yellow-green,3658,37,2,1.0,outside,65-96,/home/gsantiago/summer_bee_data/summer_bee_data/images/young-adults-white-blue-outside-65-96_batch_2_pass_1.mp4.mp4.track000037.frame003658.jpg,blue,67,57
230,230,230,230,67,yellow-green,6297,32,2,2.0,outside,65-96,/home/gsantiago/summer_bee_data/summer_bee_data/images/young-adults-white-blue-outside-65-96_batch_2_pass_2.mp4.mp4.track000032.frame006297.jpg,white,67,57
231,231,231,231,67,yellow-green,6458,32,2,2.0,outside,65-96,/home/gsantiago/summer_bee_data/summer_bee_data/images/young-adults-white-blue-outside-65-96_batch_2_pass_2.mp4.mp4.track000032.frame006458.jpg,white,67,57
232,232,232,232,71,yellow-lillac,7821,86,2,1.0,outside,65-96,/home/gsantiago/summer_bee_data/summer_bee_data/images/young-adults-white-blue-outside-65-96_batch_2_pass_1.mp4.mp4.track000086.frame007821.jpg,blue,71,58
233,233,233,233,71,yellow-lillac,64892,630,2,2.0,outside,65-96,/home/gsantiago/summer_bee_data/summer_bee_data/images/young-adults-white-blue-outside-65-96_batch_2_pass_2.mp4.mp4.track000630.frame064892.jpg,blue,71,58
234,234,234,234,71,yellow-lillac,8480,46,2,,in-lab,65-96,/home/gsantiago/summer_bee_data/summer_bee_data/images/young-adults-white-blue-in-lab-65-96_batch_2.mp4.mp4.track000046.frame008480.jpg,white,71,58
235,235,235,235,71,yellow-lillac,7593,85,2,1.0,outside,65-96,/home/gsantiago/summer_bee_data/summer_bee_data/images/young-adults-white-blue-outside-65-96_batch_2_pass_1.mp4.mp4.track000085.frame007593.jpg,white,71,58
236,236,236,236,70,yellow-orange,6919,74,2,1.0,outside,65-96,/home/gsantiago/summer_bee_data/summer_bee_data/images/young-adults-white-blue-outside-65-96_batch_2_pass_1.mp4.mp4.track000074.frame006919.jpg,blue,70,59
237,237,237,237,70,yellow-orange,13677,101,2,2.0,outside,65-96,/home/gsantiago/summer_bee_data/summer_bee_data/images/young-adults-white-blue-outside-65-96_batch_2_pass_2.mp4.mp4.track000101.frame013677.jpg,blue,70,59
238,238,238,238,70,yellow-orange,13497,100,2,2.0,outside,65-96,/home/gsantiago/summer_bee_data/summer_bee_data/images/young-adults-white-blue-outside-65-96_batch_2_pass_2.mp4.mp4.track000100.frame013497.jpg,white,70,59
239,239,239,239,70,yellow-orange,13397,98,2,2.0,outside,65-96,/home/gsantiago/summer_bee_data/summer_bee_data/images/young-adults-white-blue-outside-65-96_batch_2_pass_2.mp4.mp4.track000098.frame013397.jpg,white,70,59
240,240,240,240,68,yellow-pink,4914,46,2,1.0,outside,65-96,/home/gsantiago/summer_bee_data/summer_bee_data/images/young-adults-white-blue-outside-65-96_batch_2_pass_1.mp4.mp4.track000046.frame004914.jpg,blue,68,60
241,241,241,241,68,yellow-pink,8946,59,2,2.0,outside,65-96,/home/gsantiago/summer_bee_data/summer_bee_data/images/young-adults-white-blue-outside-65-96_batch_2_pass_2.mp4.mp4.track000059.frame008946.jpg,blue,68,60
242,242,242,242,68,yellow-pink,4605,45,2,1.0,outside,65-96,/home/gsantiago/summer_bee_data/summer_bee_data/images/young-adults-white-blue-outside-65-96_batch_2_pass_1.mp4.mp4.track000045.frame004605.jpg,white,68,60
243,243,243,243,68,yellow-pink,8358,50,2,2.0,outside,65-96,/home/gsantiago/summer_bee_data/summer_bee_data/images/young-adults-white-blue-outside-65-96_batch_2_pass_2.mp4.mp4.track000050.frame008358.jpg,white,68,60
244,244,244,244,72,yellow-red,15562,119,2,2.0,outside,65-96,/home/gsantiago/summer_bee_data/summer_bee_data/images/young-adults-white-blue-outside-65-96_batch_2_pass_2.mp4.mp4.track000119.frame015562.jpg,blue,72,61
245,245,245,245,72,yellow-red,15316,117,2,2.0,outside,65-96,/home/gsantiago/summer_bee_data/summer_bee_data/images/young-adults-white-blue-outside-65-96_batch_2_pass_2.mp4.mp4.track000117.frame015316.jpg,blue,72,61
246,246,246,246,72,yellow-red,8598,90,2,1.0,outside,65-96,/home/gsantiago/summer_bee_data/summer_bee_data/images/young-adults-white-blue-outside-65-96_batch_2_pass_1.mp4.mp4.track000090.frame008598.jpg,white,72,61
247,247,247,247,72,yellow-red,15230,116,2,2.0,outside,65-96,/home/gsantiago/summer_bee_data/summer_bee_data/images/young-adults-white-blue-outside-65-96_batch_2_pass_2.mp4.mp4.track000116.frame015230.jpg,white,72,61
248,248,248,248,69,yellow-white,12087,78,2,2.0,outside,65-96,/home/gsantiago/summer_bee_data/summer_bee_data/images/young-adults-white-blue-outside-65-96_batch_2_pass_2.mp4.mp4.track000078.frame012087.jpg,blue,69,62
249,249,249,249,69,yellow-white,12337,82,2,2.0,outside,65-96,/home/gsantiago/summer_bee_data/summer_bee_data/images/young-adults-white-blue-outside-65-96_batch_2_pass_2.mp4.mp4.track000082.frame012337.jpg,blue,69,62
250,250,250,250,69,yellow-white,10987,70,2,2.0,outside,65-96,/home/gsantiago/summer_bee_data/summer_bee_data/images/young-adults-white-blue-outside-65-96_batch_2_pass_2.mp4.mp4.track000070.frame010987.jpg,white,69,62
251,251,251,251,69,yellow-white,10969,69,2,2.0,outside,65-96,/home/gsantiago/summer_bee_data/summer_bee_data/images/young-adults-white-blue-outside-65-96_batch_2_pass_2.mp4.mp4.track000069.frame010969.jpg,white,69,62
252,252,252,252,65,yellow-yellow,2731,7,2,2.0,outside,65-96,/home/gsantiago/summer_bee_data/summer_bee_data/images/young-adults-white-blue-outside-65-96_batch_2_pass_2.mp4.mp4.track000007.frame002731.jpg,blue,65,63
253,253,253,253,65,yellow-yellow,647,8,2,1.0,outside,65-96,/home/gsantiago/summer_bee_data/summer_bee_data/images/young-adults-white-blue-outside-65-96_batch_2_pass_1.mp4.mp4.track000008.frame000647.jpg,blue,65,63
254,254,254,254,65,yellow-yellow,418,5,2,1.0,outside,65-96,/home/gsantiago/summer_bee_data/summer_bee_data/images/young-adults-white-blue-outside-65-96_batch_2_pass_1.mp4.mp4.track000005.frame000418.jpg,white,65,63
255,255,255,255,65,yellow-yellow,387,5,2,1.0,outside,65-96,/home/gsantiago/summer_bee_data/summer_bee_data/images/young-adults-white-blue-outside-65-96_batch_2_pass_1.mp4.mp4.track000005.frame000387.jpg,white,65,63
