,Unnamed: 0.3,Unnamed: 0.2,Unnamed: 0.1,Unnamed: 0,img_number,ID,color_id,frame,track,batch,pass,environment,bee_range,filepath,background,reID,color_num
0,0,0,0,0,0,11,blue-green,26542,131,1,2.0,outside,1-32,/home/gsantiago/summer_bee_data/summer_bee_data/images/young-adults-blue-white-outside_2-1-32_batch_1.mp4.mp4.track000131.frame026542.jpg,blue,11,1
1,1,1,1,1,1,11,blue-green,26539,131,1,2.0,outside,1-32,/home/gsantiago/summer_bee_data/summer_bee_data/images/young-adults-blue-white-outside_2-1-32_batch_1.mp4.mp4.track000131.frame026539.jpg,blue,11,1
2,2,2,2,2,2,11,blue-green,26510,131,1,2.0,outside,1-32,/home/gsantiago/summer_bee_data/summer_bee_data/images/young-adults-blue-white-outside_2-1-32_batch_1.mp4.mp4.track000131.frame026510.jpg,blue,11,1
3,3,3,3,3,3,11,blue-green,26583,131,1,2.0,outside,1-32,/home/gsantiago/summer_bee_data/summer_bee_data/images/young-adults-blue-white-outside_2-1-32_batch_1.mp4.mp4.track000131.frame026583.jpg,blue,11,1
4,4,4,4,4,4,11,blue-green,26638,131,1,2.0,outside,1-32,/home/gsantiago/summer_bee_data/summer_bee_data/images/young-adults-blue-white-outside_2-1-32_batch_1.mp4.mp4.track000131.frame026638.jpg,blue,11,1
5,5,5,5,5,5,11,blue-green,26536,131,1,2.0,outside,1-32,/home/gsantiago/summer_bee_data/summer_bee_data/images/young-adults-blue-white-outside_2-1-32_batch_1.mp4.mp4.track000131.frame026536.jpg,blue,11,1
6,6,6,6,6,6,11,blue-green,26519,131,1,2.0,outside,1-32,/home/gsantiago/summer_bee_data/summer_bee_data/images/young-adults-blue-white-outside_2-1-32_batch_1.mp4.mp4.track000131.frame026519.jpg,blue,11,1
7,7,7,7,7,7,11,blue-green,25719,209,1,,in-lab,1-32,/home/gsantiago/summer_bee_data/summer_bee_data/images/young-adults-blue-white-in-lab-1-32_batch_1.mp4.mp4.track000209.frame025719.jpg,blue,11,1
8,8,8,8,8,8,11,blue-green,24927,200,1,,in-lab,1-32,/home/gsantiago/summer_bee_data/summer_bee_data/images/young-adults-blue-white-in-lab-1-32_batch_1.mp4.mp4.track000200.frame024927.jpg,white,11,1
9,9,9,9,9,9,11,blue-green,24909,200,1,,in-lab,1-32,/home/gsantiago/summer_bee_data/summer_bee_data/images/young-adults-blue-white-in-lab-1-32_batch_1.mp4.mp4.track000200.frame024909.jpg,white,11,1
10,10,10,10,10,10,11,blue-green,24672,200,1,,in-lab,1-32,/home/gsantiago/summer_bee_data/summer_bee_data/images/young-adults-blue-white-in-lab-1-32_batch_1.mp4.mp4.track000200.frame024672.jpg,white,11,1
11,11,11,11,11,11,11,blue-green,24744,200,1,,in-lab,1-32,/home/gsantiago/summer_bee_data/summer_bee_data/images/young-adults-blue-white-in-lab-1-32_batch_1.mp4.mp4.track000200.frame024744.jpg,white,11,1
12,12,12,12,12,12,11,blue-green,24941,200,1,,in-lab,1-32,/home/gsantiago/summer_bee_data/summer_bee_data/images/young-adults-blue-white-in-lab-1-32_batch_1.mp4.mp4.track000200.frame024941.jpg,white,11,1
13,13,13,13,13,13,11,blue-green,24640,200,1,,in-lab,1-32,/home/gsantiago/summer_bee_data/summer_bee_data/images/young-adults-blue-white-in-lab-1-32_batch_1.mp4.mp4.track000200.frame024640.jpg,white,11,1
14,14,14,14,14,14,11,blue-green,24891,200,1,,in-lab,1-32,/home/gsantiago/summer_bee_data/summer_bee_data/images/young-adults-blue-white-in-lab-1-32_batch_1.mp4.mp4.track000200.frame024891.jpg,white,11,1
15,15,15,15,15,15,11,blue-green,24843,200,1,,in-lab,1-32,/home/gsantiago/summer_bee_data/summer_bee_data/images/young-adults-blue-white-in-lab-1-32_batch_1.mp4.mp4.track000200.frame024843.jpg,white,11,1
16,16,16,16,16,16,18,green-blue,40651,314,1,,in-lab,1-32,/home/gsantiago/summer_bee_data/summer_bee_data/images/young-adults-blue-white-in-lab-1-32_batch_1.mp4.mp4.track000314.frame040651.jpg,blue,18,8
17,17,17,17,17,17,18,green-blue,43757,231,1,2.0,outside,1-32,/home/gsantiago/summer_bee_data/summer_bee_data/images/young-adults-blue-white-outside_2-1-32_batch_1.mp4.mp4.track000231.frame043757.jpg,blue,18,8
18,18,18,18,18,18,18,green-blue,43797,231,1,2.0,outside,1-32,/home/gsantiago/summer_bee_data/summer_bee_data/images/young-adults-blue-white-outside_2-1-32_batch_1.mp4.mp4.track000231.frame043797.jpg,blue,18,8
19,19,19,19,19,19,18,green-blue,43754,231,1,2.0,outside,1-32,/home/gsantiago/summer_bee_data/summer_bee_data/images/young-adults-blue-white-outside_2-1-32_batch_1.mp4.mp4.track000231.frame043754.jpg,blue,18,8
20,20,20,20,20,20,18,green-blue,43781,231,1,2.0,outside,1-32,/home/gsantiago/summer_bee_data/summer_bee_data/images/young-adults-blue-white-outside_2-1-32_batch_1.mp4.mp4.track000231.frame043781.jpg,blue,18,8
21,21,21,21,21,21,18,green-blue,44139,232,1,2.0,outside,1-32,/home/gsantiago/summer_bee_data/summer_bee_data/images/young-adults-blue-white-outside_2-1-32_batch_1.mp4.mp4.track000232.frame044139.jpg,blue,18,8
22,22,22,22,22,22,18,green-blue,40752,314,1,,in-lab,1-32,/home/gsantiago/summer_bee_data/summer_bee_data/images/young-adults-blue-white-in-lab-1-32_batch_1.mp4.mp4.track000314.frame040752.jpg,blue,18,8
23,23,23,23,23,23,18,green-blue,43839,231,1,2.0,outside,1-32,/home/gsantiago/summer_bee_data/summer_bee_data/images/young-adults-blue-white-outside_2-1-32_batch_1.mp4.mp4.track000231.frame043839.jpg,blue,18,8
24,24,24,24,24,24,18,green-blue,39860,306,1,,in-lab,1-32,/home/gsantiago/summer_bee_data/summer_bee_data/images/young-adults-blue-white-in-lab-1-32_batch_1.mp4.mp4.track000306.frame039860.jpg,white,18,8
25,25,25,25,25,25,18,green-blue,39687,300,1,,in-lab,1-32,/home/gsantiago/summer_bee_data/summer_bee_data/images/young-adults-blue-white-in-lab-1-32_batch_1.mp4.mp4.track000300.frame039687.jpg,white,18,8
26,26,26,26,26,26,18,green-blue,43245,225,1,2.0,outside,1-32,/home/gsantiago/summer_bee_data/summer_bee_data/images/young-adults-blue-white-outside_2-1-32_batch_1.mp4.mp4.track000225.frame043245.jpg,white,18,8
27,27,27,27,27,27,18,green-blue,42842,224,1,2.0,outside,1-32,/home/gsantiago/summer_bee_data/summer_bee_data/images/young-adults-blue-white-outside_2-1-32_batch_1.mp4.mp4.track000224.frame042842.jpg,white,18,8
28,28,28,28,28,28,18,green-blue,42895,224,1,2.0,outside,1-32,/home/gsantiago/summer_bee_data/summer_bee_data/images/young-adults-blue-white-outside_2-1-32_batch_1.mp4.mp4.track000224.frame042895.jpg,white,18,8
29,29,29,29,29,29,18,green-blue,42362,221,1,2.0,outside,1-32,/home/gsantiago/summer_bee_data/summer_bee_data/images/young-adults-blue-white-outside_2-1-32_batch_1.mp4.mp4.track000221.frame042362.jpg,white,18,8
30,30,30,30,30,30,18,green-blue,40000,306,1,,in-lab,1-32,/home/gsantiago/summer_bee_data/summer_bee_data/images/young-adults-blue-white-in-lab-1-32_batch_1.mp4.mp4.track000306.frame040000.jpg,white,18,8
31,31,31,31,31,31,18,green-blue,40260,307,1,,in-lab,1-32,/home/gsantiago/summer_bee_data/summer_bee_data/images/young-adults-blue-white-in-lab-1-32_batch_1.mp4.mp4.track000307.frame040260.jpg,white,18,8
32,32,32,32,32,32,23,green-lillac,52511,297,1,2.0,outside,1-32,/home/gsantiago/summer_bee_data/summer_bee_data/images/young-adults-blue-white-outside_2-1-32_batch_1.mp4.mp4.track000297.frame052511.jpg,blue,23,10
33,33,33,33,33,33,23,green-lillac,53454,382,1,,in-lab,1-32,/home/gsantiago/summer_bee_data/summer_bee_data/images/young-adults-blue-white-in-lab-1-32_batch_1.mp4.mp4.track000382.frame053454.jpg,blue,23,10
34,34,34,34,34,34,23,green-lillac,53447,382,1,,in-lab,1-32,/home/gsantiago/summer_bee_data/summer_bee_data/images/young-adults-blue-white-in-lab-1-32_batch_1.mp4.mp4.track000382.frame053447.jpg,blue,23,10
35,35,35,35,35,35,23,green-lillac,52989,382,1,,in-lab,1-32,/home/gsantiago/summer_bee_data/summer_bee_data/images/young-adults-blue-white-in-lab-1-32_batch_1.mp4.mp4.track000382.frame052989.jpg,blue,23,10
36,36,36,36,36,36,23,green-lillac,52653,382,1,,in-lab,1-32,/home/gsantiago/summer_bee_data/summer_bee_data/images/young-adults-blue-white-in-lab-1-32_batch_1.mp4.mp4.track000382.frame052653.jpg,blue,23,10
37,37,37,37,37,37,23,green-lillac,52828,382,1,,in-lab,1-32,/home/gsantiago/summer_bee_data/summer_bee_data/images/young-adults-blue-white-in-lab-1-32_batch_1.mp4.mp4.track000382.frame052828.jpg,blue,23,10
38,38,38,38,38,38,23,green-lillac,53045,382,1,,in-lab,1-32,/home/gsantiago/summer_bee_data/summer_bee_data/images/young-adults-blue-white-in-lab-1-32_batch_1.mp4.mp4.track000382.frame053045.jpg,blue,23,10
39,39,39,39,39,39,23,green-lillac,52087,297,1,2.0,outside,1-32,/home/gsantiago/summer_bee_data/summer_bee_data/images/young-adults-blue-white-outside_2-1-32_batch_1.mp4.mp4.track000297.frame052087.jpg,blue,23,10
40,40,40,40,40,40,23,green-lillac,51617,296,1,2.0,outside,1-32,/home/gsantiago/summer_bee_data/summer_bee_data/images/young-adults-blue-white-outside_2-1-32_batch_1.mp4.mp4.track000296.frame051617.jpg,white,23,10
41,41,41,41,41,41,23,green-lillac,52204,381,1,,in-lab,1-32,/home/gsantiago/summer_bee_data/summer_bee_data/images/young-adults-blue-white-in-lab-1-32_batch_1.mp4.mp4.track000381.frame052204.jpg,white,23,10
42,42,42,42,42,42,23,green-lillac,52258,381,1,,in-lab,1-32,/home/gsantiago/summer_bee_data/summer_bee_data/images/young-adults-blue-white-in-lab-1-32_batch_1.mp4.mp4.track000381.frame052258.jpg,white,23,10
43,43,43,43,43,43,23,green-lillac,52056,381,1,,in-lab,1-32,/home/gsantiago/summer_bee_data/summer_bee_data/images/young-adults-blue-white-in-lab-1-32_batch_1.mp4.mp4.track000381.frame052056.jpg,white,23,10
44,44,44,44,44,44,23,green-lillac,51637,381,1,,in-lab,1-32,/home/gsantiago/summer_bee_data/summer_bee_data/images/young-adults-blue-white-in-lab-1-32_batch_1.mp4.mp4.track000381.frame051637.jpg,white,23,10
45,45,45,45,45,45,23,green-lillac,52191,381,1,,in-lab,1-32,/home/gsantiago/summer_bee_data/summer_bee_data/images/young-adults-blue-white-in-lab-1-32_batch_1.mp4.mp4.track000381.frame052191.jpg,white,23,10
46,46,46,46,46,46,23,green-lillac,51813,381,1,,in-lab,1-32,/home/gsantiago/summer_bee_data/summer_bee_data/images/young-adults-blue-white-in-lab-1-32_batch_1.mp4.mp4.track000381.frame051813.jpg,white,23,10
47,47,47,47,47,47,23,green-lillac,51558,381,1,,in-lab,1-32,/home/gsantiago/summer_bee_data/summer_bee_data/images/young-adults-blue-white-in-lab-1-32_batch_1.mp4.mp4.track000381.frame051558.jpg,white,23,10
48,48,48,48,48,48,51,lillac-green,55253,462,1,,in-lab,33-64,/home/gsantiago/summer_bee_data/summer_bee_data/images/young-adults-blue-white-in-lab-33-64_batch_1.mp4.mp4.track000462.frame055253.jpg,blue,51,17
49,49,49,49,49,49,51,lillac-green,55450,464,1,,in-lab,33-64,/home/gsantiago/summer_bee_data/summer_bee_data/images/young-adults-blue-white-in-lab-33-64_batch_1.mp4.mp4.track000464.frame055450.jpg,blue,51,17
50,50,50,50,50,50,51,lillac-green,30545,206,1,2.0,outside,33-64,/home/gsantiago/summer_bee_data/summer_bee_data/images/young-adults-blue-white-outside_2-33-64_batch_1.mp4.mp4.track000206.frame030545.jpg,blue,51,17
51,51,51,51,51,51,51,lillac-green,54956,455,1,,in-lab,33-64,/home/gsantiago/summer_bee_data/summer_bee_data/images/young-adults-blue-white-in-lab-33-64_batch_1.mp4.mp4.track000455.frame054956.jpg,blue,51,17
52,52,52,52,52,52,51,lillac-green,55286,462,1,,in-lab,33-64,/home/gsantiago/summer_bee_data/summer_bee_data/images/young-adults-blue-white-in-lab-33-64_batch_1.mp4.mp4.track000462.frame055286.jpg,blue,51,17
53,53,53,53,53,53,51,lillac-green,30749,206,1,2.0,outside,33-64,/home/gsantiago/summer_bee_data/summer_bee_data/images/young-adults-blue-white-outside_2-33-64_batch_1.mp4.mp4.track000206.frame030749.jpg,blue,51,17
54,54,54,54,54,54,51,lillac-green,55225,462,1,,in-lab,33-64,/home/gsantiago/summer_bee_data/summer_bee_data/images/young-adults-blue-white-in-lab-33-64_batch_1.mp4.mp4.track000462.frame055225.jpg,blue,51,17
55,55,55,55,55,55,51,lillac-green,54996,455,1,,in-lab,33-64,/home/gsantiago/summer_bee_data/summer_bee_data/images/young-adults-blue-white-in-lab-33-64_batch_1.mp4.mp4.track000455.frame054996.jpg,blue,51,17
56,56,56,56,56,56,51,lillac-green,30026,204,1,2.0,outside,33-64,/home/gsantiago/summer_bee_data/summer_bee_data/images/young-adults-blue-white-outside_2-33-64_batch_1.mp4.mp4.track000204.frame030026.jpg,white,51,17
57,57,57,57,57,57,51,lillac-green,29810,204,1,2.0,outside,33-64,/home/gsantiago/summer_bee_data/summer_bee_data/images/young-adults-blue-white-outside_2-33-64_batch_1.mp4.mp4.track000204.frame029810.jpg,white,51,17
58,58,58,58,58,58,51,lillac-green,54840,453,1,,in-lab,33-64,/home/gsantiago/summer_bee_data/summer_bee_data/images/young-adults-blue-white-in-lab-33-64_batch_1.mp4.mp4.track000453.frame054840.jpg,white,51,17
59,59,59,59,59,59,51,lillac-green,54813,453,1,,in-lab,33-64,/home/gsantiago/summer_bee_data/summer_bee_data/images/young-adults-blue-white-in-lab-33-64_batch_1.mp4.mp4.track000453.frame054813.jpg,white,51,17
60,60,60,60,60,60,51,lillac-green,54875,453,1,,in-lab,33-64,/home/gsantiago/summer_bee_data/summer_bee_data/images/young-adults-blue-white-in-lab-33-64_batch_1.mp4.mp4.track000453.frame054875.jpg,white,51,17
61,61,61,61,61,61,51,lillac-green,54876,453,1,,in-lab,33-64,/home/gsantiago/summer_bee_data/summer_bee_data/images/young-adults-blue-white-in-lab-33-64_batch_1.mp4.mp4.track000453.frame054876.jpg,white,51,17
62,62,62,62,62,62,51,lillac-green,30431,205,1,2.0,outside,33-64,/home/gsantiago/summer_bee_data/summer_bee_data/images/young-adults-blue-white-outside_2-33-64_batch_1.mp4.mp4.track000205.frame030431.jpg,white,51,17
63,63,63,63,63,63,51,lillac-green,30029,204,1,2.0,outside,33-64,/home/gsantiago/summer_bee_data/summer_bee_data/images/young-adults-blue-white-outside_2-33-64_batch_1.mp4.mp4.track000204.frame030029.jpg,white,51,17
64,64,64,64,64,64,54,lillac-orange,57261,487,1,,in-lab,33-64,/home/gsantiago/summer_bee_data/summer_bee_data/images/young-adults-blue-white-in-lab-33-64_batch_1.mp4.mp4.track000487.frame057261.jpg,blue,54,19
65,65,65,65,65,65,54,lillac-orange,57317,487,1,,in-lab,33-64,/home/gsantiago/summer_bee_data/summer_bee_data/images/young-adults-blue-white-in-lab-33-64_batch_1.mp4.mp4.track000487.frame057317.jpg,blue,54,19
66,66,66,66,66,66,54,lillac-orange,33980,216,1,2.0,outside,33-64,/home/gsantiago/summer_bee_data/summer_bee_data/images/young-adults-blue-white-outside_2-33-64_batch_1.mp4.mp4.track000216.frame033980.jpg,blue,54,19
67,67,67,67,67,67,54,lillac-orange,57079,487,1,,in-lab,33-64,/home/gsantiago/summer_bee_data/summer_bee_data/images/young-adults-blue-white-in-lab-33-64_batch_1.mp4.mp4.track000487.frame057079.jpg,blue,54,19
68,68,68,68,68,68,54,lillac-orange,57307,487,1,,in-lab,33-64,/home/gsantiago/summer_bee_data/summer_bee_data/images/young-adults-blue-white-in-lab-33-64_batch_1.mp4.mp4.track000487.frame057307.jpg,blue,54,19
69,69,69,69,69,69,54,lillac-orange,56925,487,1,,in-lab,33-64,/home/gsantiago/summer_bee_data/summer_bee_data/images/young-adults-blue-white-in-lab-33-64_batch_1.mp4.mp4.track000487.frame056925.jpg,blue,54,19
70,70,70,70,70,70,54,lillac-orange,34251,216,1,2.0,outside,33-64,/home/gsantiago/summer_bee_data/summer_bee_data/images/young-adults-blue-white-outside_2-33-64_batch_1.mp4.mp4.track000216.frame034251.jpg,blue,54,19
71,71,71,71,71,71,54,lillac-orange,34245,216,1,2.0,outside,33-64,/home/gsantiago/summer_bee_data/summer_bee_data/images/young-adults-blue-white-outside_2-33-64_batch_1.mp4.mp4.track000216.frame034245.jpg,blue,54,19
72,72,72,72,72,72,54,lillac-orange,33526,214,1,2.0,outside,33-64,/home/gsantiago/summer_bee_data/summer_bee_data/images/young-adults-blue-white-outside_2-33-64_batch_1.mp4.mp4.track000214.frame033526.jpg,white,54,19
73,73,73,73,73,73,54,lillac-orange,33338,214,1,2.0,outside,33-64,/home/gsantiago/summer_bee_data/summer_bee_data/images/young-adults-blue-white-outside_2-33-64_batch_1.mp4.mp4.track000214.frame033338.jpg,white,54,19
74,74,74,74,74,74,54,lillac-orange,33511,214,1,2.0,outside,33-64,/home/gsantiago/summer_bee_data/summer_bee_data/images/young-adults-blue-white-outside_2-33-64_batch_1.mp4.mp4.track000214.frame033511.jpg,white,54,19
75,75,75,75,75,75,54,lillac-orange,33337,214,1,2.0,outside,33-64,/home/gsantiago/summer_bee_data/summer_bee_data/images/young-adults-blue-white-outside_2-33-64_batch_1.mp4.mp4.track000214.frame033337.jpg,white,54,19
76,76,76,76,76,76,54,lillac-orange,33527,214,1,2.0,outside,33-64,/home/gsantiago/summer_bee_data/summer_bee_data/images/young-adults-blue-white-outside_2-33-64_batch_1.mp4.mp4.track000214.frame033527.jpg,white,54,19
77,77,77,77,77,77,54,lillac-orange,33484,214,1,2.0,outside,33-64,/home/gsantiago/summer_bee_data/summer_bee_data/images/young-adults-blue-white-outside_2-33-64_batch_1.mp4.mp4.track000214.frame033484.jpg,white,54,19
78,78,78,78,78,78,54,lillac-orange,33340,214,1,2.0,outside,33-64,/home/gsantiago/summer_bee_data/summer_bee_data/images/young-adults-blue-white-outside_2-33-64_batch_1.mp4.mp4.track000214.frame033340.jpg,white,54,19
79,79,79,79,79,79,54,lillac-orange,33751,215,1,2.0,outside,33-64,/home/gsantiago/summer_bee_data/summer_bee_data/images/young-adults-blue-white-outside_2-33-64_batch_1.mp4.mp4.track000215.frame033751.jpg,white,54,19
80,80,80,80,80,80,47,orange-lillac,38125,300,1,,in-lab,33-64,/home/gsantiago/summer_bee_data/summer_bee_data/images/young-adults-blue-white-in-lab-33-64_batch_1.mp4.mp4.track000300.frame038125.jpg,blue,47,26
81,81,81,81,81,81,47,orange-lillac,24142,156,1,2.0,outside,33-64,/home/gsantiago/summer_bee_data/summer_bee_data/images/young-adults-blue-white-outside_2-33-64_batch_1.mp4.mp4.track000156.frame024142.jpg,blue,47,26
82,82,82,82,82,82,47,orange-lillac,38143,300,1,,in-lab,33-64,/home/gsantiago/summer_bee_data/summer_bee_data/images/young-adults-blue-white-in-lab-33-64_batch_1.mp4.mp4.track000300.frame038143.jpg,blue,47,26
83,83,83,83,83,83,47,orange-lillac,23844,155,1,2.0,outside,33-64,/home/gsantiago/summer_bee_data/summer_bee_data/images/young-adults-blue-white-outside_2-33-64_batch_1.mp4.mp4.track000155.frame023844.jpg,blue,47,26
84,84,84,84,84,84,47,orange-lillac,38113,300,1,,in-lab,33-64,/home/gsantiago/summer_bee_data/summer_bee_data/images/young-adults-blue-white-in-lab-33-64_batch_1.mp4.mp4.track000300.frame038113.jpg,blue,47,26
85,85,85,85,85,85,47,orange-lillac,38114,300,1,,in-lab,33-64,/home/gsantiago/summer_bee_data/summer_bee_data/images/young-adults-blue-white-in-lab-33-64_batch_1.mp4.mp4.track000300.frame038114.jpg,blue,47,26
86,86,86,86,86,86,47,orange-lillac,23848,155,1,2.0,outside,33-64,/home/gsantiago/summer_bee_data/summer_bee_data/images/young-adults-blue-white-outside_2-33-64_batch_1.mp4.mp4.track000155.frame023848.jpg,blue,47,26
87,87,87,87,87,87,47,orange-lillac,24120,156,1,2.0,outside,33-64,/home/gsantiago/summer_bee_data/summer_bee_data/images/young-adults-blue-white-outside_2-33-64_batch_1.mp4.mp4.track000156.frame024120.jpg,blue,47,26
88,88,88,88,88,88,47,orange-lillac,23538,154,1,2.0,outside,33-64,/home/gsantiago/summer_bee_data/summer_bee_data/images/young-adults-blue-white-outside_2-33-64_batch_1.mp4.mp4.track000154.frame023538.jpg,white,47,26
89,89,89,89,89,89,47,orange-lillac,23717,154,1,2.0,outside,33-64,/home/gsantiago/summer_bee_data/summer_bee_data/images/young-adults-blue-white-outside_2-33-64_batch_1.mp4.mp4.track000154.frame023717.jpg,white,47,26
90,90,90,90,90,90,47,orange-lillac,23713,154,1,2.0,outside,33-64,/home/gsantiago/summer_bee_data/summer_bee_data/images/young-adults-blue-white-outside_2-33-64_batch_1.mp4.mp4.track000154.frame023713.jpg,white,47,26
91,91,91,91,91,91,47,orange-lillac,23686,154,1,2.0,outside,33-64,/home/gsantiago/summer_bee_data/summer_bee_data/images/young-adults-blue-white-outside_2-33-64_batch_1.mp4.mp4.track000154.frame023686.jpg,white,47,26
92,92,92,92,92,92,47,orange-lillac,23704,154,1,2.0,outside,33-64,/home/gsantiago/summer_bee_data/summer_bee_data/images/young-adults-blue-white-outside_2-33-64_batch_1.mp4.mp4.track000154.frame023704.jpg,white,47,26
93,93,93,93,93,93,47,orange-lillac,23698,154,1,2.0,outside,33-64,/home/gsantiago/summer_bee_data/summer_bee_data/images/young-adults-blue-white-outside_2-33-64_batch_1.mp4.mp4.track000154.frame023698.jpg,white,47,26
94,94,94,94,94,94,47,orange-lillac,23517,154,1,2.0,outside,33-64,/home/gsantiago/summer_bee_data/summer_bee_data/images/young-adults-blue-white-outside_2-33-64_batch_1.mp4.mp4.track000154.frame023517.jpg,white,47,26
95,95,95,95,95,95,47,orange-lillac,23523,154,1,2.0,outside,33-64,/home/gsantiago/summer_bee_data/summer_bee_data/images/young-adults-blue-white-outside_2-33-64_batch_1.mp4.mp4.track000154.frame023523.jpg,white,47,26
96,96,96,96,96,96,44,orange-pink,19839,129,1,2.0,outside,33-64,/home/gsantiago/summer_bee_data/summer_bee_data/images/young-adults-blue-white-outside_2-33-64_batch_1.mp4.mp4.track000129.frame019839.jpg,blue,44,28
97,97,97,97,97,97,44,orange-pink,20326,135,1,2.0,outside,33-64,/home/gsantiago/summer_bee_data/summer_bee_data/images/young-adults-blue-white-outside_2-33-64_batch_1.mp4.mp4.track000135.frame020326.jpg,blue,44,28
98,98,98,98,98,98,44,orange-pink,19966,131,1,2.0,outside,33-64,/home/gsantiago/summer_bee_data/summer_bee_data/images/young-adults-blue-white-outside_2-33-64_batch_1.mp4.mp4.track000131.frame019966.jpg,blue,44,28
99,99,99,99,99,99,44,orange-pink,33396,247,1,,in-lab,33-64,/home/gsantiago/summer_bee_data/summer_bee_data/images/young-adults-blue-white-in-lab-33-64_batch_1.mp4.mp4.track000247.frame033396.jpg,blue,44,28
100,100,100,100,100,100,44,orange-pink,18478,113,1,2.0,outside,33-64,/home/gsantiago/summer_bee_data/summer_bee_data/images/young-adults-blue-white-outside_2-33-64_batch_1.mp4.mp4.track000113.frame018478.jpg,blue,44,28
101,101,101,101,101,101,44,orange-pink,20065,131,1,2.0,outside,33-64,/home/gsantiago/summer_bee_data/summer_bee_data/images/young-adults-blue-white-outside_2-33-64_batch_1.mp4.mp4.track000131.frame020065.jpg,blue,44,28
102,102,102,102,102,102,44,orange-pink,20334,135,1,2.0,outside,33-64,/home/gsantiago/summer_bee_data/summer_bee_data/images/young-adults-blue-white-outside_2-33-64_batch_1.mp4.mp4.track000135.frame020334.jpg,blue,44,28
103,103,103,103,103,103,44,orange-pink,20341,135,1,2.0,outside,33-64,/home/gsantiago/summer_bee_data/summer_bee_data/images/young-adults-blue-white-outside_2-33-64_batch_1.mp4.mp4.track000135.frame020341.jpg,blue,44,28
104,104,104,104,104,104,44,orange-pink,32567,234,1,,in-lab,33-64,/home/gsantiago/summer_bee_data/summer_bee_data/images/young-adults-blue-white-in-lab-33-64_batch_1.mp4.mp4.track000234.frame032567.jpg,white,44,28
105,105,105,105,105,105,44,orange-pink,32799,240,1,,in-lab,33-64,/home/gsantiago/summer_bee_data/summer_bee_data/images/young-adults-blue-white-in-lab-33-64_batch_1.mp4.mp4.track000240.frame032799.jpg,white,44,28
106,106,106,106,106,106,44,orange-pink,17255,107,1,2.0,outside,33-64,/home/gsantiago/summer_bee_data/summer_bee_data/images/young-adults-blue-white-outside_2-33-64_batch_1.mp4.mp4.track000107.frame017255.jpg,white,44,28
107,107,107,107,107,107,44,orange-pink,17598,109,1,2.0,outside,33-64,/home/gsantiago/summer_bee_data/summer_bee_data/images/young-adults-blue-white-outside_2-33-64_batch_1.mp4.mp4.track000109.frame017598.jpg,white,44,28
108,108,108,108,108,108,44,orange-pink,32648,234,1,,in-lab,33-64,/home/gsantiago/summer_bee_data/summer_bee_data/images/young-adults-blue-white-in-lab-33-64_batch_1.mp4.mp4.track000234.frame032648.jpg,white,44,28
109,109,109,109,109,109,44,orange-pink,30904,228,1,,in-lab,33-64,/home/gsantiago/summer_bee_data/summer_bee_data/images/young-adults-blue-white-in-lab-33-64_batch_1.mp4.mp4.track000228.frame030904.jpg,white,44,28
110,110,110,110,110,110,44,orange-pink,19312,124,1,2.0,outside,33-64,/home/gsantiago/summer_bee_data/summer_bee_data/images/young-adults-blue-white-outside_2-33-64_batch_1.mp4.mp4.track000124.frame019312.jpg,white,44,28
111,111,111,111,111,111,44,orange-pink,32650,234,1,,in-lab,33-64,/home/gsantiago/summer_bee_data/summer_bee_data/images/young-adults-blue-white-in-lab-33-64_batch_1.mp4.mp4.track000234.frame032650.jpg,white,44,28
112,112,112,112,112,112,30,pink-orange,62894,351,1,2.0,outside,1-32,/home/gsantiago/summer_bee_data/summer_bee_data/images/young-adults-blue-white-outside_2-1-32_batch_1.mp4.mp4.track000351.frame062894.jpg,blue,30,35
113,113,113,113,113,113,30,pink-orange,82778,640,1,,in-lab,1-32,/home/gsantiago/summer_bee_data/summer_bee_data/images/young-adults-blue-white-in-lab-1-32_batch_1.mp4.mp4.track000640.frame082778.jpg,blue,30,35
114,114,114,114,114,114,30,pink-orange,62753,351,1,2.0,outside,1-32,/home/gsantiago/summer_bee_data/summer_bee_data/images/young-adults-blue-white-outside_2-1-32_batch_1.mp4.mp4.track000351.frame062753.jpg,blue,30,35
115,115,115,115,115,115,30,pink-orange,83083,642,1,,in-lab,1-32,/home/gsantiago/summer_bee_data/summer_bee_data/images/young-adults-blue-white-in-lab-1-32_batch_1.mp4.mp4.track000642.frame083083.jpg,blue,30,35
116,116,116,116,116,116,30,pink-orange,62921,351,1,2.0,outside,1-32,/home/gsantiago/summer_bee_data/summer_bee_data/images/young-adults-blue-white-outside_2-1-32_batch_1.mp4.mp4.track000351.frame062921.jpg,blue,30,35
117,117,117,117,117,117,30,pink-orange,62946,351,1,2.0,outside,1-32,/home/gsantiago/summer_bee_data/summer_bee_data/images/young-adults-blue-white-outside_2-1-32_batch_1.mp4.mp4.track000351.frame062946.jpg,blue,30,35
118,118,118,118,118,118,30,pink-orange,62798,351,1,2.0,outside,1-32,/home/gsantiago/summer_bee_data/summer_bee_data/images/young-adults-blue-white-outside_2-1-32_batch_1.mp4.mp4.track000351.frame062798.jpg,blue,30,35
119,119,119,119,119,119,30,pink-orange,62785,351,1,2.0,outside,1-32,/home/gsantiago/summer_bee_data/summer_bee_data/images/young-adults-blue-white-outside_2-1-32_batch_1.mp4.mp4.track000351.frame062785.jpg,blue,30,35
120,120,120,120,120,120,30,pink-orange,61948,345,1,2.0,outside,1-32,/home/gsantiago/summer_bee_data/summer_bee_data/images/young-adults-blue-white-outside_2-1-32_batch_1.mp4.mp4.track000345.frame061948.jpg,white,30,35
121,121,121,121,121,121,30,pink-orange,61863,345,1,2.0,outside,1-32,/home/gsantiago/summer_bee_data/summer_bee_data/images/young-adults-blue-white-outside_2-1-32_batch_1.mp4.mp4.track000345.frame061863.jpg,white,30,35
122,122,122,122,122,122,30,pink-orange,61872,345,1,2.0,outside,1-32,/home/gsantiago/summer_bee_data/summer_bee_data/images/young-adults-blue-white-outside_2-1-32_batch_1.mp4.mp4.track000345.frame061872.jpg,white,30,35
123,123,123,123,123,123,30,pink-orange,62227,350,1,2.0,outside,1-32,/home/gsantiago/summer_bee_data/summer_bee_data/images/young-adults-blue-white-outside_2-1-32_batch_1.mp4.mp4.track000350.frame062227.jpg,white,30,35
124,124,124,124,124,124,30,pink-orange,61861,345,1,2.0,outside,1-32,/home/gsantiago/summer_bee_data/summer_bee_data/images/young-adults-blue-white-outside_2-1-32_batch_1.mp4.mp4.track000345.frame061861.jpg,white,30,35
125,125,125,125,125,125,30,pink-orange,81561,629,1,,in-lab,1-32,/home/gsantiago/summer_bee_data/summer_bee_data/images/young-adults-blue-white-in-lab-1-32_batch_1.mp4.mp4.track000629.frame081561.jpg,white,30,35
126,126,126,126,126,126,30,pink-orange,62179,350,1,2.0,outside,1-32,/home/gsantiago/summer_bee_data/summer_bee_data/images/young-adults-blue-white-outside_2-1-32_batch_1.mp4.mp4.track000350.frame062179.jpg,white,30,35
127,127,127,127,127,127,30,pink-orange,61869,345,1,2.0,outside,1-32,/home/gsantiago/summer_bee_data/summer_bee_data/images/young-adults-blue-white-outside_2-1-32_batch_1.mp4.mp4.track000345.frame061869.jpg,white,30,35
128,128,128,128,128,128,32,pink-red,65259,365,1,2.0,outside,1-32,/home/gsantiago/summer_bee_data/summer_bee_data/images/young-adults-blue-white-outside_2-1-32_batch_1.mp4.mp4.track000365.frame065259.jpg,blue,32,37
129,129,129,129,129,129,32,pink-red,65253,365,1,2.0,outside,1-32,/home/gsantiago/summer_bee_data/summer_bee_data/images/young-adults-blue-white-outside_2-1-32_batch_1.mp4.mp4.track000365.frame065253.jpg,blue,32,37
130,130,130,130,130,130,32,pink-red,65281,365,1,2.0,outside,1-32,/home/gsantiago/summer_bee_data/summer_bee_data/images/young-adults-blue-white-outside_2-1-32_batch_1.mp4.mp4.track000365.frame065281.jpg,blue,32,37
131,131,131,131,131,131,32,pink-red,64940,364,1,2.0,outside,1-32,/home/gsantiago/summer_bee_data/summer_bee_data/images/young-adults-blue-white-outside_2-1-32_batch_1.mp4.mp4.track000364.frame064940.jpg,blue,32,37
132,132,132,132,132,132,32,pink-red,65128,364,1,2.0,outside,1-32,/home/gsantiago/summer_bee_data/summer_bee_data/images/young-adults-blue-white-outside_2-1-32_batch_1.mp4.mp4.track000364.frame065128.jpg,blue,32,37
133,133,133,133,133,133,32,pink-red,65150,364,1,2.0,outside,1-32,/home/gsantiago/summer_bee_data/summer_bee_data/images/young-adults-blue-white-outside_2-1-32_batch_1.mp4.mp4.track000364.frame065150.jpg,blue,32,37
134,134,134,134,134,134,32,pink-red,65244,365,1,2.0,outside,1-32,/home/gsantiago/summer_bee_data/summer_bee_data/images/young-adults-blue-white-outside_2-1-32_batch_1.mp4.mp4.track000365.frame065244.jpg,blue,32,37
135,135,135,135,135,135,32,pink-red,65137,364,1,2.0,outside,1-32,/home/gsantiago/summer_bee_data/summer_bee_data/images/young-adults-blue-white-outside_2-1-32_batch_1.mp4.mp4.track000364.frame065137.jpg,blue,32,37
136,136,136,136,136,136,32,pink-red,64587,362,1,2.0,outside,1-32,/home/gsantiago/summer_bee_data/summer_bee_data/images/young-adults-blue-white-outside_2-1-32_batch_1.mp4.mp4.track000362.frame064587.jpg,white,32,37
137,137,137,137,137,137,32,pink-red,86575,670,1,,in-lab,1-32,/home/gsantiago/summer_bee_data/summer_bee_data/images/young-adults-blue-white-in-lab-1-32_batch_1.mp4.mp4.track000670.frame086575.jpg,white,32,37
138,138,138,138,138,138,32,pink-red,86551,670,1,,in-lab,1-32,/home/gsantiago/summer_bee_data/summer_bee_data/images/young-adults-blue-white-in-lab-1-32_batch_1.mp4.mp4.track000670.frame086551.jpg,white,32,37
139,139,139,139,139,139,32,pink-red,86651,670,1,,in-lab,1-32,/home/gsantiago/summer_bee_data/summer_bee_data/images/young-adults-blue-white-in-lab-1-32_batch_1.mp4.mp4.track000670.frame086651.jpg,white,32,37
140,140,140,140,140,140,32,pink-red,64498,362,1,2.0,outside,1-32,/home/gsantiago/summer_bee_data/summer_bee_data/images/young-adults-blue-white-outside_2-1-32_batch_1.mp4.mp4.track000362.frame064498.jpg,white,32,37
141,141,141,141,141,141,32,pink-red,64633,362,1,2.0,outside,1-32,/home/gsantiago/summer_bee_data/summer_bee_data/images/young-adults-blue-white-outside_2-1-32_batch_1.mp4.mp4.track000362.frame064633.jpg,white,32,37
142,142,142,142,142,142,32,pink-red,86564,670,1,,in-lab,1-32,/home/gsantiago/summer_bee_data/summer_bee_data/images/young-adults-blue-white-in-lab-1-32_batch_1.mp4.mp4.track000670.frame086564.jpg,white,32,37
143,143,143,143,143,143,32,pink-red,86332,668,1,,in-lab,1-32,/home/gsantiago/summer_bee_data/summer_bee_data/images/young-adults-blue-white-in-lab-1-32_batch_1.mp4.mp4.track000668.frame086332.jpg,white,32,37
144,144,144,144,144,144,60,red-pink,46399,286,1,2.0,outside,33-64,/home/gsantiago/summer_bee_data/summer_bee_data/images/young-adults-blue-white-outside_2-33-64_batch_1.mp4.mp4.track000286.frame046399.jpg,blue,60,44
145,145,145,145,145,145,60,red-pink,46196,286,1,2.0,outside,33-64,/home/gsantiago/summer_bee_data/summer_bee_data/images/young-adults-blue-white-outside_2-33-64_batch_1.mp4.mp4.track000286.frame046196.jpg,blue,60,44
146,146,146,146,146,146,60,red-pink,46045,283,1,2.0,outside,33-64,/home/gsantiago/summer_bee_data/summer_bee_data/images/young-adults-blue-white-outside_2-33-64_batch_1.mp4.mp4.track000283.frame046045.jpg,blue,60,44
147,147,147,147,147,147,60,red-pink,46080,283,1,2.0,outside,33-64,/home/gsantiago/summer_bee_data/summer_bee_data/images/young-adults-blue-white-outside_2-33-64_batch_1.mp4.mp4.track000283.frame046080.jpg,blue,60,44
148,148,148,148,148,148,60,red-pink,46322,286,1,2.0,outside,33-64,/home/gsantiago/summer_bee_data/summer_bee_data/images/young-adults-blue-white-outside_2-33-64_batch_1.mp4.mp4.track000286.frame046322.jpg,blue,60,44
149,149,149,149,149,149,60,red-pink,46013,283,1,2.0,outside,33-64,/home/gsantiago/summer_bee_data/summer_bee_data/images/young-adults-blue-white-outside_2-33-64_batch_1.mp4.mp4.track000283.frame046013.jpg,blue,60,44
150,150,150,150,150,150,60,red-pink,46051,283,1,2.0,outside,33-64,/home/gsantiago/summer_bee_data/summer_bee_data/images/young-adults-blue-white-outside_2-33-64_batch_1.mp4.mp4.track000283.frame046051.jpg,blue,60,44
151,151,151,151,151,151,60,red-pink,70147,595,1,,in-lab,33-64,/home/gsantiago/summer_bee_data/summer_bee_data/images/young-adults-blue-white-in-lab-33-64_batch_1.mp4.mp4.track000595.frame070147.jpg,blue,60,44
152,152,152,152,152,152,60,red-pink,45539,282,1,2.0,outside,33-64,/home/gsantiago/summer_bee_data/summer_bee_data/images/young-adults-blue-white-outside_2-33-64_batch_1.mp4.mp4.track000282.frame045539.jpg,white,60,44
153,153,153,153,153,153,60,red-pink,45557,282,1,2.0,outside,33-64,/home/gsantiago/summer_bee_data/summer_bee_data/images/young-adults-blue-white-outside_2-33-64_batch_1.mp4.mp4.track000282.frame045557.jpg,white,60,44
154,154,154,154,154,154,60,red-pink,45555,282,1,2.0,outside,33-64,/home/gsantiago/summer_bee_data/summer_bee_data/images/young-adults-blue-white-outside_2-33-64_batch_1.mp4.mp4.track000282.frame045555.jpg,white,60,44
155,155,155,155,155,155,60,red-pink,45637,282,1,2.0,outside,33-64,/home/gsantiago/summer_bee_data/summer_bee_data/images/young-adults-blue-white-outside_2-33-64_batch_1.mp4.mp4.track000282.frame045637.jpg,white,60,44
156,156,156,156,156,156,60,red-pink,45724,282,1,2.0,outside,33-64,/home/gsantiago/summer_bee_data/summer_bee_data/images/young-adults-blue-white-outside_2-33-64_batch_1.mp4.mp4.track000282.frame045724.jpg,white,60,44
157,157,157,157,157,157,60,red-pink,69600,587,1,,in-lab,33-64,/home/gsantiago/summer_bee_data/summer_bee_data/images/young-adults-blue-white-in-lab-33-64_batch_1.mp4.mp4.track000587.frame069600.jpg,white,60,44
158,158,158,158,158,158,60,red-pink,45650,282,1,2.0,outside,33-64,/home/gsantiago/summer_bee_data/summer_bee_data/images/young-adults-blue-white-outside_2-33-64_batch_1.mp4.mp4.track000282.frame045650.jpg,white,60,44
159,159,159,159,159,159,60,red-pink,45651,282,1,2.0,outside,33-64,/home/gsantiago/summer_bee_data/summer_bee_data/images/young-adults-blue-white-outside_2-33-64_batch_1.mp4.mp4.track000282.frame045651.jpg,white,60,44
160,160,160,160,160,160,61,red-white,47502,289,1,2.0,outside,33-64,/home/gsantiago/summer_bee_data/summer_bee_data/images/young-adults-blue-white-outside_2-33-64_batch_1.mp4.mp4.track000289.frame047502.jpg,blue,61,46
161,161,161,161,161,161,61,red-white,47472,289,1,2.0,outside,33-64,/home/gsantiago/summer_bee_data/summer_bee_data/images/young-adults-blue-white-outside_2-33-64_batch_1.mp4.mp4.track000289.frame047472.jpg,blue,61,46
162,162,162,162,162,162,61,red-white,47521,289,1,2.0,outside,33-64,/home/gsantiago/summer_bee_data/summer_bee_data/images/young-adults-blue-white-outside_2-33-64_batch_1.mp4.mp4.track000289.frame047521.jpg,blue,61,46
163,163,163,163,163,163,61,red-white,47325,287,1,2.0,outside,33-64,/home/gsantiago/summer_bee_data/summer_bee_data/images/young-adults-blue-white-outside_2-33-64_batch_1.mp4.mp4.track000287.frame047325.jpg,blue,61,46
164,164,164,164,164,164,61,red-white,47523,289,1,2.0,outside,33-64,/home/gsantiago/summer_bee_data/summer_bee_data/images/young-adults-blue-white-outside_2-33-64_batch_1.mp4.mp4.track000289.frame047523.jpg,blue,61,46
165,165,165,165,165,165,61,red-white,47664,289,1,2.0,outside,33-64,/home/gsantiago/summer_bee_data/summer_bee_data/images/young-adults-blue-white-outside_2-33-64_batch_1.mp4.mp4.track000289.frame047664.jpg,blue,61,46
166,166,166,166,166,166,61,red-white,47532,289,1,2.0,outside,33-64,/home/gsantiago/summer_bee_data/summer_bee_data/images/young-adults-blue-white-outside_2-33-64_batch_1.mp4.mp4.track000289.frame047532.jpg,blue,61,46
167,167,167,167,167,167,61,red-white,47663,289,1,2.0,outside,33-64,/home/gsantiago/summer_bee_data/summer_bee_data/images/young-adults-blue-white-outside_2-33-64_batch_1.mp4.mp4.track000289.frame047663.jpg,blue,61,46
168,168,168,168,168,168,61,red-white,47069,287,1,2.0,outside,33-64,/home/gsantiago/summer_bee_data/summer_bee_data/images/young-adults-blue-white-outside_2-33-64_batch_1.mp4.mp4.track000287.frame047069.jpg,white,61,46
169,169,169,169,169,169,61,red-white,71167,598,1,,in-lab,33-64,/home/gsantiago/summer_bee_data/summer_bee_data/images/young-adults-blue-white-in-lab-33-64_batch_1.mp4.mp4.track000598.frame071167.jpg,white,61,46
170,170,170,170,170,170,61,red-white,71157,598,1,,in-lab,33-64,/home/gsantiago/summer_bee_data/summer_bee_data/images/young-adults-blue-white-in-lab-33-64_batch_1.mp4.mp4.track000598.frame071157.jpg,white,61,46
171,171,171,171,171,171,61,red-white,47126,287,1,2.0,outside,33-64,/home/gsantiago/summer_bee_data/summer_bee_data/images/young-adults-blue-white-outside_2-33-64_batch_1.mp4.mp4.track000287.frame047126.jpg,white,61,46
172,172,172,172,172,172,61,red-white,71268,598,1,,in-lab,33-64,/home/gsantiago/summer_bee_data/summer_bee_data/images/young-adults-blue-white-in-lab-33-64_batch_1.mp4.mp4.track000598.frame071268.jpg,white,61,46
173,173,173,173,173,173,61,red-white,46930,287,1,2.0,outside,33-64,/home/gsantiago/summer_bee_data/summer_bee_data/images/young-adults-blue-white-outside_2-33-64_batch_1.mp4.mp4.track000287.frame046930.jpg,white,61,46
174,174,174,174,174,174,61,red-white,71148,598,1,,in-lab,33-64,/home/gsantiago/summer_bee_data/summer_bee_data/images/young-adults-blue-white-in-lab-33-64_batch_1.mp4.mp4.track000598.frame071148.jpg,white,61,46
175,175,175,175,175,175,61,red-white,71166,598,1,,in-lab,33-64,/home/gsantiago/summer_bee_data/summer_bee_data/images/young-adults-blue-white-in-lab-33-64_batch_1.mp4.mp4.track000598.frame071166.jpg,white,61,46
176,176,176,176,176,176,40,white-red,12183,89,1,2.0,outside,33-64,/home/gsantiago/summer_bee_data/summer_bee_data/images/young-adults-blue-white-outside_2-33-64_batch_1.mp4.mp4.track000089.frame012183.jpg,blue,40,53
177,177,177,177,177,177,40,white-red,12567,90,1,2.0,outside,33-64,/home/gsantiago/summer_bee_data/summer_bee_data/images/young-adults-blue-white-outside_2-33-64_batch_1.mp4.mp4.track000090.frame012567.jpg,blue,40,53
178,178,178,178,178,178,40,white-red,19301,150,1,,in-lab,33-64,/home/gsantiago/summer_bee_data/summer_bee_data/images/young-adults-blue-white-in-lab-33-64_batch_1.mp4.mp4.track000150.frame019301.jpg,blue,40,53
179,179,179,179,179,179,40,white-red,12199,89,1,2.0,outside,33-64,/home/gsantiago/summer_bee_data/summer_bee_data/images/young-adults-blue-white-outside_2-33-64_batch_1.mp4.mp4.track000089.frame012199.jpg,blue,40,53
180,180,180,180,180,180,40,white-red,19572,156,1,,in-lab,33-64,/home/gsantiago/summer_bee_data/summer_bee_data/images/young-adults-blue-white-in-lab-33-64_batch_1.mp4.mp4.track000156.frame019572.jpg,blue,40,53
181,181,181,181,181,181,40,white-red,19719,156,1,,in-lab,33-64,/home/gsantiago/summer_bee_data/summer_bee_data/images/young-adults-blue-white-in-lab-33-64_batch_1.mp4.mp4.track000156.frame019719.jpg,blue,40,53
182,182,182,182,182,182,40,white-red,19304,150,1,,in-lab,33-64,/home/gsantiago/summer_bee_data/summer_bee_data/images/young-adults-blue-white-in-lab-33-64_batch_1.mp4.mp4.track000150.frame019304.jpg,blue,40,53
183,183,183,183,183,183,40,white-red,19323,150,1,,in-lab,33-64,/home/gsantiago/summer_bee_data/summer_bee_data/images/young-adults-blue-white-in-lab-33-64_batch_1.mp4.mp4.track000150.frame019323.jpg,blue,40,53
184,184,184,184,184,184,40,white-red,11825,84,1,2.0,outside,33-64,/home/gsantiago/summer_bee_data/summer_bee_data/images/young-adults-blue-white-outside_2-33-64_batch_1.mp4.mp4.track000084.frame011825.jpg,white,40,53
185,185,185,185,185,185,40,white-red,11323,82,1,2.0,outside,33-64,/home/gsantiago/summer_bee_data/summer_bee_data/images/young-adults-blue-white-outside_2-33-64_batch_1.mp4.mp4.track000082.frame011323.jpg,white,40,53
186,186,186,186,186,186,40,white-red,18911,149,1,,in-lab,33-64,/home/gsantiago/summer_bee_data/summer_bee_data/images/young-adults-blue-white-in-lab-33-64_batch_1.mp4.mp4.track000149.frame018911.jpg,white,40,53
187,187,187,187,187,187,40,white-red,11846,84,1,2.0,outside,33-64,/home/gsantiago/summer_bee_data/summer_bee_data/images/young-adults-blue-white-outside_2-33-64_batch_1.mp4.mp4.track000084.frame011846.jpg,white,40,53
188,188,188,188,188,188,40,white-red,11299,82,1,2.0,outside,33-64,/home/gsantiago/summer_bee_data/summer_bee_data/images/young-adults-blue-white-outside_2-33-64_batch_1.mp4.mp4.track000082.frame011299.jpg,white,40,53
189,189,189,189,189,189,40,white-red,11639,82,1,2.0,outside,33-64,/home/gsantiago/summer_bee_data/summer_bee_data/images/young-adults-blue-white-outside_2-33-64_batch_1.mp4.mp4.track000082.frame011639.jpg,white,40,53
190,190,190,190,190,190,40,white-red,18801,149,1,,in-lab,33-64,/home/gsantiago/summer_bee_data/summer_bee_data/images/young-adults-blue-white-in-lab-33-64_batch_1.mp4.mp4.track000149.frame018801.jpg,white,40,53
191,191,191,191,191,191,40,white-red,18489,149,1,,in-lab,33-64,/home/gsantiago/summer_bee_data/summer_bee_data/images/young-adults-blue-white-in-lab-33-64_batch_1.mp4.mp4.track000149.frame018489.jpg,white,40,53
192,192,192,192,192,192,33,white-yellow,1525,8,1,,in-lab,33-64,/home/gsantiago/summer_bee_data/summer_bee_data/images/young-adults-blue-white-in-lab-33-64_batch_1.mp4.mp4.track000008.frame001525.jpg,blue,33,55
193,193,193,193,193,193,33,white-yellow,2741,6,1,2.0,outside,33-64,/home/gsantiago/summer_bee_data/summer_bee_data/images/young-adults-blue-white-outside_2-33-64_batch_1.mp4.mp4.track000006.frame002741.jpg,blue,33,55
194,194,194,194,194,194,33,white-yellow,2754,6,1,2.0,outside,33-64,/home/gsantiago/summer_bee_data/summer_bee_data/images/young-adults-blue-white-outside_2-33-64_batch_1.mp4.mp4.track000006.frame002754.jpg,blue,33,55
195,195,195,195,195,195,33,white-yellow,1906,14,1,,in-lab,33-64,/home/gsantiago/summer_bee_data/summer_bee_data/images/young-adults-blue-white-in-lab-33-64_batch_1.mp4.mp4.track000014.frame001906.jpg,blue,33,55
196,196,196,196,196,196,33,white-yellow,1726,9,1,,in-lab,33-64,/home/gsantiago/summer_bee_data/summer_bee_data/images/young-adults-blue-white-in-lab-33-64_batch_1.mp4.mp4.track000009.frame001726.jpg,blue,33,55
197,197,197,197,197,197,33,white-yellow,2765,6,1,2.0,outside,33-64,/home/gsantiago/summer_bee_data/summer_bee_data/images/young-adults-blue-white-outside_2-33-64_batch_1.mp4.mp4.track000006.frame002765.jpg,blue,33,55
198,198,198,198,198,198,33,white-yellow,1886,14,1,,in-lab,33-64,/home/gsantiago/summer_bee_data/summer_bee_data/images/young-adults-blue-white-in-lab-33-64_batch_1.mp4.mp4.track000014.frame001886.jpg,blue,33,55
199,199,199,199,199,199,33,white-yellow,1573,9,1,,in-lab,33-64,/home/gsantiago/summer_bee_data/summer_bee_data/images/young-adults-blue-white-in-lab-33-64_batch_1.mp4.mp4.track000009.frame001573.jpg,blue,33,55
200,200,200,200,200,200,33,white-yellow,2289,3,1,2.0,outside,33-64,/home/gsantiago/summer_bee_data/summer_bee_data/images/young-adults-blue-white-outside_2-33-64_batch_1.mp4.mp4.track000003.frame002289.jpg,white,33,55
201,201,201,201,201,201,33,white-yellow,1253,2,1,2.0,outside,33-64,/home/gsantiago/summer_bee_data/summer_bee_data/images/young-adults-blue-white-outside_2-33-64_batch_1.mp4.mp4.track000002.frame001253.jpg,white,33,55
202,202,202,202,202,202,33,white-yellow,2301,3,1,2.0,outside,33-64,/home/gsantiago/summer_bee_data/summer_bee_data/images/young-adults-blue-white-outside_2-33-64_batch_1.mp4.mp4.track000003.frame002301.jpg,white,33,55
203,203,203,203,203,203,33,white-yellow,1398,2,1,2.0,outside,33-64,/home/gsantiago/summer_bee_data/summer_bee_data/images/young-adults-blue-white-outside_2-33-64_batch_1.mp4.mp4.track000002.frame001398.jpg,white,33,55
204,204,204,204,204,204,33,white-yellow,2314,3,1,2.0,outside,33-64,/home/gsantiago/summer_bee_data/summer_bee_data/images/young-adults-blue-white-outside_2-33-64_batch_1.mp4.mp4.track000003.frame002314.jpg,white,33,55
205,205,205,205,205,205,33,white-yellow,2300,3,1,2.0,outside,33-64,/home/gsantiago/summer_bee_data/summer_bee_data/images/young-adults-blue-white-outside_2-33-64_batch_1.mp4.mp4.track000003.frame002300.jpg,white,33,55
206,206,206,206,206,206,33,white-yellow,2291,3,1,2.0,outside,33-64,/home/gsantiago/summer_bee_data/summer_bee_data/images/young-adults-blue-white-outside_2-33-64_batch_1.mp4.mp4.track000003.frame002291.jpg,white,33,55
207,207,207,207,207,207,33,white-yellow,1254,2,1,2.0,outside,33-64,/home/gsantiago/summer_bee_data/summer_bee_data/images/young-adults-blue-white-outside_2-33-64_batch_1.mp4.mp4.track000002.frame001254.jpg,white,33,55
208,208,208,208,208,208,5,yellow-white,13129,133,1,,in-lab,1-32,/home/gsantiago/summer_bee_data/summer_bee_data/images/young-adults-blue-white-in-lab-1-32_batch_1.mp4.mp4.track000133.frame013129.jpg,blue,5,62
209,209,209,209,209,209,5,yellow-white,14180,71,1,2.0,outside,1-32,/home/gsantiago/summer_bee_data/summer_bee_data/images/young-adults-blue-white-outside_2-1-32_batch_1.mp4.mp4.track000071.frame014180.jpg,blue,5,62
210,210,210,210,210,210,5,yellow-white,14207,71,1,2.0,outside,1-32,/home/gsantiago/summer_bee_data/summer_bee_data/images/young-adults-blue-white-outside_2-1-32_batch_1.mp4.mp4.track000071.frame014207.jpg,blue,5,62
211,211,211,211,211,211,5,yellow-white,10268,41,1,2.0,outside,1-32,/home/gsantiago/summer_bee_data/summer_bee_data/images/young-adults-blue-white-outside_2-1-32_batch_1.mp4.mp4.track000041.frame010268.jpg,blue,5,62
212,212,212,212,212,212,5,yellow-white,12458,133,1,,in-lab,1-32,/home/gsantiago/summer_bee_data/summer_bee_data/images/young-adults-blue-white-in-lab-1-32_batch_1.mp4.mp4.track000133.frame012458.jpg,blue,5,62
213,213,213,213,213,213,5,yellow-white,12509,133,1,,in-lab,1-32,/home/gsantiago/summer_bee_data/summer_bee_data/images/young-adults-blue-white-in-lab-1-32_batch_1.mp4.mp4.track000133.frame012509.jpg,blue,5,62
214,214,214,214,214,214,5,yellow-white,14054,70,1,2.0,outside,1-32,/home/gsantiago/summer_bee_data/summer_bee_data/images/young-adults-blue-white-outside_2-1-32_batch_1.mp4.mp4.track000070.frame014054.jpg,blue,5,62
215,215,215,215,215,215,5,yellow-white,12775,133,1,,in-lab,1-32,/home/gsantiago/summer_bee_data/summer_bee_data/images/young-adults-blue-white-in-lab-1-32_batch_1.mp4.mp4.track000133.frame012775.jpg,blue,5,62
216,216,216,216,216,216,5,yellow-white,12111,131,1,,in-lab,1-32,/home/gsantiago/summer_bee_data/summer_bee_data/images/young-adults-blue-white-in-lab-1-32_batch_1.mp4.mp4.track000131.frame012111.jpg,white,5,62
217,217,217,217,217,217,5,yellow-white,11688,131,1,,in-lab,1-32,/home/gsantiago/summer_bee_data/summer_bee_data/images/young-adults-blue-white-in-lab-1-32_batch_1.mp4.mp4.track000131.frame011688.jpg,white,5,62
218,218,218,218,218,218,5,yellow-white,11627,131,1,,in-lab,1-32,/home/gsantiago/summer_bee_data/summer_bee_data/images/young-adults-blue-white-in-lab-1-32_batch_1.mp4.mp4.track000131.frame011627.jpg,white,5,62
219,219,219,219,219,219,5,yellow-white,11940,131,1,,in-lab,1-32,/home/gsantiago/summer_bee_data/summer_bee_data/images/young-adults-blue-white-in-lab-1-32_batch_1.mp4.mp4.track000131.frame011940.jpg,white,5,62
220,220,220,220,220,220,5,yellow-white,10008,39,1,2.0,outside,1-32,/home/gsantiago/summer_bee_data/summer_bee_data/images/young-adults-blue-white-outside_2-1-32_batch_1.mp4.mp4.track000039.frame010008.jpg,white,5,62
221,221,221,221,221,221,5,yellow-white,13288,66,1,2.0,outside,1-32,/home/gsantiago/summer_bee_data/summer_bee_data/images/young-adults-blue-white-outside_2-1-32_batch_1.mp4.mp4.track000066.frame013288.jpg,white,5,62
222,222,222,222,222,222,5,yellow-white,12910,55,1,2.0,outside,1-32,/home/gsantiago/summer_bee_data/summer_bee_data/images/young-adults-blue-white-outside_2-1-32_batch_1.mp4.mp4.track000055.frame012910.jpg,white,5,62
223,223,223,223,223,223,5,yellow-white,9133,33,1,2.0,outside,1-32,/home/gsantiago/summer_bee_data/summer_bee_data/images/young-adults-blue-white-outside_2-1-32_batch_1.mp4.mp4.track000033.frame009133.jpg,white,5,62
224,224,224,224,224,224,2,yellow-blue,2468,9,1,2.0,outside,1-32,/home/gsantiago/summer_bee_data/summer_bee_data/images/young-adults-blue-white-outside_2-1-32_batch_1.mp4.mp4.track000009.frame002468.jpg,blue,2,56
225,225,225,225,225,225,2,yellow-blue,2507,9,1,2.0,outside,1-32,/home/gsantiago/summer_bee_data/summer_bee_data/images/young-adults-blue-white-outside_2-1-32_batch_1.mp4.mp4.track000009.frame002507.jpg,blue,2,56
226,226,226,226,226,226,2,yellow-blue,2668,11,1,2.0,outside,1-32,/home/gsantiago/summer_bee_data/summer_bee_data/images/young-adults-blue-white-outside_2-1-32_batch_1.mp4.mp4.track000011.frame002668.jpg,blue,2,56
227,227,227,227,227,227,2,yellow-blue,2541,9,1,2.0,outside,1-32,/home/gsantiago/summer_bee_data/summer_bee_data/images/young-adults-blue-white-outside_2-1-32_batch_1.mp4.mp4.track000009.frame002541.jpg,blue,2,56
228,228,228,228,228,228,2,yellow-blue,2333,9,1,2.0,outside,1-32,/home/gsantiago/summer_bee_data/summer_bee_data/images/young-adults-blue-white-outside_2-1-32_batch_1.mp4.mp4.track000009.frame002333.jpg,blue,2,56
229,229,229,229,229,229,2,yellow-blue,2393,9,1,2.0,outside,1-32,/home/gsantiago/summer_bee_data/summer_bee_data/images/young-adults-blue-white-outside_2-1-32_batch_1.mp4.mp4.track000009.frame002393.jpg,blue,2,56
230,230,230,230,230,230,2,yellow-blue,2670,11,1,2.0,outside,1-32,/home/gsantiago/summer_bee_data/summer_bee_data/images/young-adults-blue-white-outside_2-1-32_batch_1.mp4.mp4.track000011.frame002670.jpg,blue,2,56
231,231,231,231,231,231,2,yellow-blue,2632,11,1,2.0,outside,1-32,/home/gsantiago/summer_bee_data/summer_bee_data/images/young-adults-blue-white-outside_2-1-32_batch_1.mp4.mp4.track000011.frame002632.jpg,blue,2,56
232,232,232,232,232,232,2,yellow-blue,2218,8,1,2.0,outside,1-32,/home/gsantiago/summer_bee_data/summer_bee_data/images/young-adults-blue-white-outside_2-1-32_batch_1.mp4.mp4.track000008.frame002218.jpg,white,2,56
233,233,233,233,233,233,2,yellow-blue,2116,8,1,2.0,outside,1-32,/home/gsantiago/summer_bee_data/summer_bee_data/images/young-adults-blue-white-outside_2-1-32_batch_1.mp4.mp4.track000008.frame002116.jpg,white,2,56
234,234,234,234,234,234,2,yellow-blue,1783,8,1,2.0,outside,1-32,/home/gsantiago/summer_bee_data/summer_bee_data/images/young-adults-blue-white-outside_2-1-32_batch_1.mp4.mp4.track000008.frame001783.jpg,white,2,56
235,235,235,235,235,235,2,yellow-blue,1878,8,1,2.0,outside,1-32,/home/gsantiago/summer_bee_data/summer_bee_data/images/young-adults-blue-white-outside_2-1-32_batch_1.mp4.mp4.track000008.frame001878.jpg,white,2,56
236,236,236,236,236,236,2,yellow-blue,2009,8,1,2.0,outside,1-32,/home/gsantiago/summer_bee_data/summer_bee_data/images/young-adults-blue-white-outside_2-1-32_batch_1.mp4.mp4.track000008.frame002009.jpg,white,2,56
237,237,237,237,237,237,2,yellow-blue,1892,8,1,2.0,outside,1-32,/home/gsantiago/summer_bee_data/summer_bee_data/images/young-adults-blue-white-outside_2-1-32_batch_1.mp4.mp4.track000008.frame001892.jpg,white,2,56
238,238,238,238,238,238,2,yellow-blue,1895,8,1,2.0,outside,1-32,/home/gsantiago/summer_bee_data/summer_bee_data/images/young-adults-blue-white-outside_2-1-32_batch_1.mp4.mp4.track000008.frame001895.jpg,white,2,56
239,239,239,239,239,239,2,yellow-blue,1788,8,1,2.0,outside,1-32,/home/gsantiago/summer_bee_data/summer_bee_data/images/young-adults-blue-white-outside_2-1-32_batch_1.mp4.mp4.track000008.frame001788.jpg,white,2,56
240,240,240,240,240,240,9,blue-yellow,21918,182,1,,in-lab,1-32,/home/gsantiago/summer_bee_data/summer_bee_data/images/young-adults-blue-white-in-lab-1-32_batch_1.mp4.mp4.track000182.frame021918.jpg,blue,9,7
241,241,241,241,241,241,9,blue-yellow,22341,184,1,,in-lab,1-32,/home/gsantiago/summer_bee_data/summer_bee_data/images/young-adults-blue-white-in-lab-1-32_batch_1.mp4.mp4.track000184.frame022341.jpg,blue,9,7
242,242,242,242,242,242,9,blue-yellow,23569,111,1,2.0,outside,1-32,/home/gsantiago/summer_bee_data/summer_bee_data/images/young-adults-blue-white-outside_2-1-32_batch_1.mp4.mp4.track000111.frame023569.jpg,blue,9,7
243,243,243,243,243,243,9,blue-yellow,24018,111,1,2.0,outside,1-32,/home/gsantiago/summer_bee_data/summer_bee_data/images/young-adults-blue-white-outside_2-1-32_batch_1.mp4.mp4.track000111.frame024018.jpg,blue,9,7
244,244,244,244,244,244,9,blue-yellow,21915,182,1,,in-lab,1-32,/home/gsantiago/summer_bee_data/summer_bee_data/images/young-adults-blue-white-in-lab-1-32_batch_1.mp4.mp4.track000182.frame021915.jpg,blue,9,7
245,245,245,245,245,245,9,blue-yellow,21954,182,1,,in-lab,1-32,/home/gsantiago/summer_bee_data/summer_bee_data/images/young-adults-blue-white-in-lab-1-32_batch_1.mp4.mp4.track000182.frame021954.jpg,blue,9,7
246,246,246,246,246,246,9,blue-yellow,23938,111,1,2.0,outside,1-32,/home/gsantiago/summer_bee_data/summer_bee_data/images/young-adults-blue-white-outside_2-1-32_batch_1.mp4.mp4.track000111.frame023938.jpg,blue,9,7
247,247,247,247,247,247,9,blue-yellow,21940,182,1,,in-lab,1-32,/home/gsantiago/summer_bee_data/summer_bee_data/images/young-adults-blue-white-in-lab-1-32_batch_1.mp4.mp4.track000182.frame021940.jpg,blue,9,7
248,248,248,248,248,248,9,blue-yellow,22431,109,1,2.0,outside,1-32,/home/gsantiago/summer_bee_data/summer_bee_data/images/young-adults-blue-white-outside_2-1-32_batch_1.mp4.mp4.track000109.frame022431.jpg,white,9,7
249,249,249,249,249,249,9,blue-yellow,20330,178,1,,in-lab,1-32,/home/gsantiago/summer_bee_data/summer_bee_data/images/young-adults-blue-white-in-lab-1-32_batch_1.mp4.mp4.track000178.frame020330.jpg,white,9,7
250,250,250,250,250,250,9,blue-yellow,22644,109,1,2.0,outside,1-32,/home/gsantiago/summer_bee_data/summer_bee_data/images/young-adults-blue-white-outside_2-1-32_batch_1.mp4.mp4.track000109.frame022644.jpg,white,9,7
251,251,251,251,251,251,9,blue-yellow,22858,109,1,2.0,outside,1-32,/home/gsantiago/summer_bee_data/summer_bee_data/images/young-adults-blue-white-outside_2-1-32_batch_1.mp4.mp4.track000109.frame022858.jpg,white,9,7
252,252,252,252,252,252,9,blue-yellow,21207,178,1,,in-lab,1-32,/home/gsantiago/summer_bee_data/summer_bee_data/images/young-adults-blue-white-in-lab-1-32_batch_1.mp4.mp4.track000178.frame021207.jpg,white,9,7
253,253,253,253,253,253,9,blue-yellow,22991,110,1,2.0,outside,1-32,/home/gsantiago/summer_bee_data/summer_bee_data/images/young-adults-blue-white-outside_2-1-32_batch_1.mp4.mp4.track000110.frame022991.jpg,white,9,7
254,254,254,254,254,254,9,blue-yellow,22760,109,1,2.0,outside,1-32,/home/gsantiago/summer_bee_data/summer_bee_data/images/young-adults-blue-white-outside_2-1-32_batch_1.mp4.mp4.track000109.frame022760.jpg,white,9,7
255,255,255,255,255,255,9,blue-yellow,22931,110,1,2.0,outside,1-32,/home/gsantiago/summer_bee_data/summer_bee_data/images/young-adults-blue-white-outside_2-1-32_batch_1.mp4.mp4.track000110.frame022931.jpg,white,9,7
